0,-50,1,46,2,0,picker-2,197.0
1,-50,1,2,2,0,picker-2,316.0
2,-50,1,22,4,0,picker-2,172.0
3,-50,1,11,10,0,picker-2,126.0
4,-49,1,63,2,0,picker-1,39.0
5,-49,1,209,4,0,picker-1,62.0
6,-49,1,38,11,0,picker-1,132.0
7,-49,1,4,2,0,picker-1,123.0
8,-49,1,343,4,0,picker-1,276.0
9,-49,1,232,3,0,picker-1,67.0
10,-49,1,15,12,0,picker-1,255.0
11,-49,1,42,6,0,picker-1,98.0
12,-49,1,18,8,0,picker-1,232.0
13,-48,1,196,4,0,picker-1,182.0
14,-48,1,38,2,0,picker-1,332.0
15,-48,1,1,8,0,picker-1,357.0
16,-48,1,34,9,0,picker-1,128.0
17,-48,1,47,3,0,picker-1,211.0
18,-47,1,2,8,0,picker-2,116.0
19,-47,1,274,6,0,picker-2,186.0
20,-47,1,49,6,0,picker-2,217.0
21,-47,1,5,6,0,picker-2,200.0
22,-47,1,21,9,0,picker-2,326.0
23,-47,1,6,4,0,picker-2,208.0
24,-47,1,48,8,0,picker-2,55.0
25,-47,1,85,4,0,picker-2,312.0
26,-46,1,15,8,0,picker-3,
27,-45,1,55,8,0,picker-3,64.0
28,-45,1,11,5,0,picker-3,
29,-44,1,94,3,0,picker-1,130.0
30,-43,1,67,12,0,picker-1,
31,-43,1,402,7,0,picker-1,
32,-42,1,344,9,0,picker-3,
33,-42,1,110,12,0,picker-3,
34,-41,1,51,6,0,picker-2,
35,-40,1,54,4,0,picker-1,
36,-39,1,136,8,0,picker-3,
37,-38,1,15,6,0,picker-2,
38,-38,1,275,6,0,picker-2,
39,-37,1,12,10,0,picker-1,
40,-37,1,30,4,0,picker-1,
41,-37,1,134,4,0,picker-1,
42,-36,1,36,10,0,picker-1,
43,-35,1,21,7,0,picker-3,
44,-35,1,194,11,0,picker-3,
45,-35,1,181,9,0,picker-3,
46,-34,1,25,3,0,picker-3,
47,-34,1,68,5,0,picker-3,
48,-34,1,176,8,0,picker-3,
49,-33,1,152,6,0,picker-1,
50,-33,1,25,8,0,picker-1,
51,-33,1,12,9,0,picker-1,
52,-33,1,402,1,0,picker-1,
53,-33,1,24,9,0,picker-1,
54,-33,1,8,4,0,picker-1,
55,-33,1,5,5,0,picker-1,
56,-33,1,435,6,0,picker-1,
57,-33,1,14,4,0,picker-1,
58,-33,1,79,6,0,picker-1,
59,-33,1,302,8,0,picker-1,
60,-32,1,19,6,0,picker-3,
61,-32,1,9,4,0,picker-3,
62,-32,1,13,12,0,picker-3,
63,-32,1,14,10,0,picker-3,
64,-31,1,6,7,0,picker-2,
65,-31,1,45,5,0,picker-2,
66,-31,1,31,6,0,picker-2,
67,-30,1,446,10,0,picker-1,
68,-29,1,18,8,0,picker-1,
69,-28,1,121,6,0,picker-1,
70,-27,1,303,4,0,picker-3,
71,-27,1,147,8,0,picker-3,
72,-26,1,21,4,0,picker-3,
73,-26,1,43,4,0,picker-3,
74,-25,1,14,4,0,picker-1,
75,-25,1,43,4,0,picker-1,
76,-25,1,47,5,0,picker-1,
77,-25,1,34,7,0,picker-1,
78,-25,1,40,10,0,picker-1,
79,-25,1,7,10,0,picker-1,
80,-25,1,10,1,0,picker-1,
81,-25,1,18,9,0,picker-1,
82,-25,1,0,8,0,picker-1,
83,-25,1,279,6,0,picker-1,
84,-25,1,44,3,0,picker-1,
85,-25,1,12,6,0,picker-1,
86,-25,1,3,8,0,picker-1,
87,-25,1,140,8,0,picker-1,
88,-24,1,70,10,0,picker-3,
89,-24,1,21,11,0,picker-3,
90,-24,1,36,10,0,picker-3,
91,-23,1,149,6,0,picker-1,
92,-22,1,124,4,0,picker-2,
93,-22,1,17,1,0,picker-2,
94,-21,1,132,10,0,picker-2,
95,-21,1,0,9,0,picker-2,
96,-21,1,11,5,0,picker-2,
97,-21,1,20,9,0,picker-2,
98,-20,1,7,12,0,picker-1,
99,-19,1,93,2,0,picker-1,
100,-19,1,14,11,0,picker-1,
101,-19,1,58,6,0,picker-1,
102,-19,1,3,2,0,picker-1,
103,-19,1,2,7,0,picker-1,
104,-19,1,13,8,0,picker-1,
105,-19,1,6,7,0,picker-1,
106,-18,1,19,12,0,picker-3,
107,-18,1,75,8,0,picker-3,
108,-17,1,41,4,0,picker-3,
109,-16,1,17,10,0,picker-1,
110,-16,1,14,5,0,picker-1,
111,-15,1,449,4,0,picker-3,
112,-15,1,81,8,0,picker-3,
113,-14,1,32,2,0,picker-3,
114,-13,1,27,6,0,picker-2,
115,-13,1,56,5,0,picker-2,
116,-13,1,181,7,0,picker-2,
117,-13,1,22,10,0,picker-2,
118,-13,1,28,4,0,picker-2,
119,-13,1,213,7,0,picker-2,
120,-12,1,279,9,0,picker-1,
121,-12,1,32,6,0,picker-1,
122,-12,1,245,2,0,picker-1,
123,-11,1,11,2,0,picker-2,
124,-10,1,0,7,0,picker-2,
125,-10,1,19,10,0,picker-2,
126,-10,1,11,4,0,picker-2,
127,-10,1,37,11,0,picker-2,
128,-10,1,13,5,0,picker-2,
129,-10,1,128,8,0,picker-2,
130,-10,1,12,5,0,picker-2,
131,-10,1,8,12,0,picker-2,
132,-10,1,126,11,0,picker-2,
133,-10,1,200,4,0,picker-2,
134,-10,1,5,2,0,picker-2,
135,-10,1,20,3,0,picker-2,
136,-10,1,2,8,0,picker-2,
137,-10,1,33,1,0,picker-2,
138,-9,1,35,4,0,picker-2,
139,-9,1,329,7,0,picker-2,
140,-9,1,0,4,0,picker-2,
141,-9,1,9,10,0,picker-2,
142,-8,1,32,7,0,picker-1,
143,-7,1,199,7,0,picker-3,
144,-7,1,27,6,0,picker-3,
145,-7,1,35,8,0,picker-3,
146,-7,1,10,6,0,picker-3,
147,-6,1,19,12,0,picker-3,
148,-5,1,22,8,0,picker-1,
149,-5,1,10,10,0,picker-1,
150,-5,1,49,4,0,picker-1,
151,-5,1,157,8,0,picker-1,
152,-5,1,198,9,0,picker-1,
153,-5,1,456,3,0,picker-1,
154,-5,1,105,10,0,picker-1,
155,-4,1,24,7,0,picker-3,
156,-4,1,181,8,0,picker-3,
157,-3,1,38,4,0,picker-3,
158,-3,1,15,9,0,picker-3,
159,-3,1,25,11,0,picker-3,
160,-3,1,470,5,0,picker-3,
161,-2,1,32,3,0,picker-3,
162,-2,1,38,2,0,picker-3,
163,-2,1,4,8,0,picker-3,
164,-1,1,2,8,0,,
0,0,1,2,8,120,picker-1,
1,0,1,1,12,120,picker-1,
2,0,1,15,6,120,picker-1,
3,0,1,22,6,120,picker-1,
4,0,1,114,8,120,picker-1,
5,1,1,0,3,180,picker-2,
6,1,1,142,4,180,picker-2,
7,1,1,3,2,180,picker-2,
8,2,1,183,8,180,picker-2,
9,3,1,75,12,180,picker-1,
10,4,1,55,6,180,picker-3,
11,5,1,195,8,180,picker-2,
12,5,1,6,10,180,picker-2,
13,6,1,1,6,240,picker-2,
14,6,1,79,10,240,picker-2,
15,6,1,30,6,240,picker-2,
16,7,1,88,4,240,picker-1,
17,8,1,24,4,300,picker-3,
18,8,1,45,8,300,picker-3,
19,9,1,96,5,300,picker-3,
20,9,1,12,4,300,picker-3,
21,10,1,63,12,300,picker-2,
22,10,1,1,7,300,picker-2,
23,10,1,20,6,300,picker-2,
24,10,1,120,4,300,picker-2,
25,10,1,14,6,300,picker-2,
26,11,1,1,7,360,picker-1,
27,12,1,83,4,420,picker-3,
28,12,1,8,6,420,picker-3,
29,12,1,128,9,420,picker-3,
30,12,1,15,2,420,picker-3,
31,12,1,46,4,420,picker-3,
32,12,1,121,12,420,picker-3,
33,12,1,106,7,420,picker-3,
34,13,1,38,7,420,picker-2,
35,13,1,15,6,420,picker-2,
36,13,1,0,10,420,picker-2,
37,13,1,87,1,420,picker-2,
38,13,1,199,9,420,picker-2,
39,14,1,129,5,480,picker-1,
40,15,1,49,8,540,picker-2,
41,15,1,13,8,540,picker-2,
42,15,1,1,4,540,picker-2,
43,15,1,27,7,540,picker-2,
44,16,1,27,4,600,,
45,16,1,115,6,600,,
46,16,1,58,4,600,,
47,16,1,22,8,600,,
48,16,1,23,10,600,,
49,16,1,185,3,600,,
50,17,1,92,6,600,,
51,17,1,121,6,600,,
52,18,1,49,7,600,,
53,19,1,22,4,720,,
54,20,1,25,10,780,,
55,21,1,37,9,780,,
56,22,1,80,8,840,,
57,22,1,0,3,840,,
58,22,1,25,8,840,,
59,23,1,182,4,840,,
60,23,1,5,5,840,,
61,23,1,16,6,840,,
62,23,1,6,8,840,,
63,24,1,8,4,900,,
64,24,1,115,8,900,,
65,24,1,40,2,900,,
66,25,1,1,6,900,,
67,25,1,53,9,900,,
68,25,1,0,2,900,,
69,26,1,162,8,900,,
70,26,1,33,4,900,,
71,26,1,96,10,900,,
72,26,1,15,8,900,,
73,26,1,44,10,900,,
74,27,1,12,9,960,,
75,27,1,1,3,960,,
76,27,1,0,2,960,,
77,27,1,7,3,960,,
78,28,1,14,9,1020,,
79,28,1,177,10,1020,,
80,29,1,7,10,1080,,
81,29,1,96,4,1080,,
82,29,1,11,2,1080,,
83,29,1,169,7,1080,,
84,29,1,21,3,1080,,
85,30,1,20,11,1080,,
86,30,1,35,1,1080,,
87,31,1,126,8,1140,,
88,32,1,145,9,1140,,
89,32,1,195,2,1140,,
90,33,1,20,10,1200,,
91,33,1,31,9,1200,,
92,33,1,97,8,1200,,
93,33,1,14,8,1200,,
94,33,1,27,4,1200,,
95,33,1,88,6,1200,,
96,34,1,12,1,1200,,
97,34,1,21,8,1200,,
98,35,1,9,10,1200,,
99,35,1,186,2,1200,,
100,35,1,23,7,1200,,
101,35,1,17,10,1200,,
102,35,1,84,7,1200,,
103,35,1,48,6,1200,,
104,36,1,1,12,1200,,
105,36,1,0,3,1200,,
106,36,1,145,7,1200,,
107,37,1,40,5,1200,,
108,37,1,14,1,1200,,
109,37,1,192,6,1200,,
110,37,1,63,7,1200,,
111,37,1,17,4,1200,,
112,37,1,113,12,1200,,
113,37,1,147,3,1200,,
114,38,1,28,9,1260,,
115,38,1,123,2,1260,,
116,38,1,46,11,1260,,
117,39,1,52,6,1260,,
118,39,1,172,9,1260,,
119,40,1,19,6,1260,,
120,40,1,8,9,1260,,
121,40,1,61,5,1260,,
122,40,1,32,5,1260,,
123,41,1,28,4,1320,,
124,41,1,120,2,1320,,
125,41,1,175,6,1320,,
126,41,1,58,3,1320,,
127,41,1,56,4,1320,,
128,41,1,36,7,1320,,
129,41,1,43,8,1320,,
130,41,1,66,6,1320,,
131,42,1,47,2,1380,,
132,42,1,27,1,1380,,
133,42,1,60,6,1380,,
134,43,1,30,8,1380,,
135,43,1,6,9,1380,,
136,43,1,68,4,1380,,
137,44,1,12,8,1440,,
138,45,1,6,12,1440,,
139,46,1,13,6,1500,,
140,47,1,11,12,1500,,
141,48,1,157,4,1500,,
142,48,1,53,2,1500,,
143,48,1,45,8,1500,,
144,48,1,83,8,1500,,
145,48,1,19,6,1500,,
146,49,1,78,2,1500,,
147,49,1,111,8,1500,,
148,49,1,105,5,1500,,
149,49,1,49,4,1500,,
150,50,1,19,6,1560,,
151,50,1,31,12,1560,,
152,51,1,16,6,1560,,
153,51,1,10,6,1560,,
154,51,1,1,7,1560,,
155,51,1,23,8,1560,,
156,51,1,2,5,1560,,
157,51,1,8,10,1560,,
158,51,1,169,3,1560,,
159,52,1,89,2,1620,,
160,53,1,130,3,1680,,
161,53,1,157,8,1680,,
162,53,1,87,4,1680,,
163,54,1,5,3,1740,,
164,54,1,38,2,1740,,
165,54,1,110,6,1740,,
166,54,1,33,5,1740,,
167,54,1,41,12,1740,,
168,54,1,46,6,1740,,
169,55,1,145,4,1740,,
170,55,1,11,3,1740,,
171,55,1,196,4,1740,,
172,56,1,11,9,1860,,
173,56,1,25,8,1860,,
174,56,1,61,6,1860,,
175,56,1,55,10,1860,,
176,56,1,181,8,1860,,
177,56,1,32,4,1860,,
178,56,1,36,6,1860,,
179,56,1,94,4,1860,,
180,57,1,48,2,1920,,
181,57,1,8,8,1920,,
182,58,1,18,10,1920,,
183,58,1,55,2,1920,,
184,58,1,2,8,1920,,
185,58,1,1,3,1920,,
186,59,1,83,7,1920,,
187,59,1,135,2,1920,,
188,60,1,1,4,2040,,
189,60,1,148,6,2040,,
190,61,1,4,6,2040,,
191,61,1,27,6,2040,,
192,62,1,70,5,2040,,
193,62,1,170,1,2040,,
194,62,1,132,1,2040,,
195,62,1,27,3,2040,,
196,63,1,27,4,2100,,
197,64,1,32,6,2100,,
198,64,1,129,8,2100,,
199,65,1,31,8,2160,,
200,65,1,33,4,2160,,
201,65,1,124,4,2160,,
202,65,1,97,8,2160,,
203,65,1,73,5,2160,,
204,66,1,27,10,2160,,
205,66,1,1,9,2160,,
206,67,1,72,8,2160,,
207,67,1,177,8,2160,,
208,67,1,45,12,2160,,
209,67,1,76,4,2160,,
210,67,1,28,8,2160,,
211,68,1,151,8,2220,,
212,68,1,172,5,2220,,
213,68,1,11,9,2220,,
214,68,1,192,6,2220,,
215,68,1,59,10,2220,,
216,68,1,15,8,2220,,
217,69,1,11,7,2280,,
218,69,1,28,7,2280,,
219,69,1,141,2,2280,,
220,70,1,0,4,2280,,
221,70,1,92,11,2280,,
222,71,1,156,5,2400,,
223,71,1,13,6,2400,,
224,71,1,55,6,2400,,
225,72,1,135,7,2460,,
226,72,1,58,5,2460,,
227,72,1,69,6,2460,,
228,72,1,41,6,2460,,
229,72,1,77,7,2460,,
230,73,1,113,6,2460,,
231,73,1,18,10,2460,,
232,74,1,69,4,2460,,
233,75,1,24,8,2520,,
234,76,1,63,8,2520,,
235,76,1,140,10,2520,,
236,76,1,1,4,2520,,
237,76,1,94,7,2520,,
238,76,1,47,7,2520,,
239,76,1,48,4,2520,,
240,77,1,27,12,2520,,
241,77,1,169,12,2520,,
242,77,1,37,6,2520,,
243,77,1,140,12,2520,,
244,77,1,163,5,2520,,
245,77,1,3,6,2520,,
246,78,1,17,6,2580,,
247,78,1,183,9,2580,,
248,78,1,26,8,2580,,
249,78,1,10,2,2580,,
250,79,1,43,8,2580,,
251,80,1,37,9,2580,,
252,80,1,91,3,2580,,
253,80,1,34,6,2580,,
254,80,1,39,4,2580,,
255,81,1,47,10,2640,,
256,82,1,0,9,2640,,
257,83,1,13,8,2700,,
258,84,1,171,5,2760,,
259,84,1,39,8,2760,,
260,84,1,12,7,2760,,
261,84,1,40,7,2760,,
262,84,1,13,6,2760,,
263,84,1,1,8,2760,,
264,85,1,14,6,2820,,
265,85,1,12,4,2820,,
266,86,1,53,7,2820,,
267,87,1,61,11,2820,,
268,87,1,45,8,2820,,
269,87,1,106,2,2820,,
270,87,1,76,6,2820,,
271,87,1,5,6,2820,,
272,87,1,25,1,2820,,
273,87,1,108,6,2820,,
274,87,1,0,7,2820,,
275,87,1,134,6,2820,,
276,87,1,185,5,2820,,
277,87,1,68,9,2820,,
278,87,1,74,3,2820,,
279,87,1,199,8,2820,,
280,87,1,117,9,2820,,
281,87,1,14,2,2820,,
282,88,1,177,12,2880,,
283,89,1,199,6,2940,,
284,90,1,23,12,3000,,
285,91,1,1,12,3120,,
286,91,1,11,3,3120,,
287,91,1,3,6,3120,,
288,92,1,36,7,3180,,
289,92,1,9,5,3180,,
290,93,1,27,5,3240,,
291,93,1,0,10,3240,,
292,93,1,79,10,3240,,
293,93,1,28,6,3240,,
294,94,1,3,2,3240,,
295,94,1,141,6,3240,,
296,94,1,176,9,3240,,
297,94,1,67,9,3240,,
298,94,1,44,7,3240,,
299,94,1,33,11,3240,,
300,95,1,196,11,3300,,
301,95,1,0,5,3300,,
302,95,1,107,5,3300,,
303,95,1,20,9,3300,,
304,96,1,11,2,3420,,
305,96,1,39,10,3420,,
306,97,1,152,4,3420,,
307,97,1,23,1,3420,,
308,97,1,77,8,3420,,
309,98,1,183,7,3480,,
310,99,1,0,6,3540,,
311,99,1,93,8,3540,,
312,99,1,14,12,3540,,
313,100,1,46,5,3540,,
314,100,1,36,6,3540,,
315,100,1,37,5,3540,,
316,100,1,67,10,3540,,
317,100,1,28,11,3540,,
318,100,1,21,8,3540,,
319,100,1,4,11,3540,,
320,101,1,79,10,3660,,
321,101,1,45,6,3660,,
322,101,1,28,4,3660,,
323,101,1,131,9,3660,,
324,101,1,183,5,3660,,
325,101,1,135,4,3660,,
326,102,1,56,10,3660,,
327,102,1,32,8,3660,,
328,102,1,8,7,3660,,
329,102,1,30,10,3660,,
330,103,1,134,12,3720,,
331,104,1,171,4,3720,,
332,104,1,22,3,3720,,
333,104,1,20,6,3720,,
334,105,1,3,5,3720,,
335,105,1,33,7,3720,,
336,105,1,7,11,3720,,
337,105,1,44,7,3720,,
338,105,1,1,9,3720,,
339,105,1,158,2,3720,,
340,106,1,92,8,3780,,
341,106,1,183,7,3780,,
342,106,1,106,6,3780,,
343,106,1,4,10,3780,,
344,106,1,0,7,3780,,
345,106,1,23,3,3780,,
346,107,1,21,2,3840,,
347,107,1,10,10,3840,,
348,107,1,1,6,3840,,
349,107,1,112,3,3840,,
350,108,1,92,8,3840,,
351,108,1,137,9,3840,,
352,108,1,0,7,3840,,
353,108,1,7,12,3840,,
354,108,1,86,10,3840,,
355,108,1,76,8,3840,,
356,108,1,31,6,3840,,
357,108,1,32,11,3840,,
358,109,1,8,12,3900,,
359,109,1,148,4,3900,,
360,109,1,55,11,3900,,
361,110,1,118,7,3900,,
362,110,1,33,8,3900,,
363,110,1,112,7,3900,,
364,110,1,5,3,3900,,
365,110,1,27,6,3900,,
366,111,1,8,6,3900,,
367,111,1,101,4,3900,,
368,111,1,1,8,3900,,
369,111,1,23,7,3900,,
370,111,1,82,8,3900,,
371,111,1,152,12,3900,,
372,111,1,37,6,3900,,
373,111,1,91,8,3900,,
374,112,1,22,2,3960,,
375,112,1,47,12,3960,,
376,112,1,84,9,3960,,
377,112,1,0,11,3960,,
378,112,1,20,12,3960,,
379,112,1,15,6,3960,,
380,113,1,33,8,3960,,
381,113,1,28,6,3960,,
382,113,1,1,10,3960,,
383,113,1,88,12,3960,,
384,114,1,9,4,4020,,
385,114,1,79,10,4020,,
386,115,1,199,4,4140,,
387,115,1,133,2,4140,,
388,115,1,4,8,4140,,
389,115,1,8,2,4140,,
390,115,1,33,8,4140,,
391,116,1,23,6,4200,,
392,116,1,89,4,4200,,
393,116,1,4,4,4200,,
394,117,1,38,6,4200,,
395,118,1,0,7,4260,,
396,118,1,95,10,4260,,
397,118,1,44,8,4260,,
398,118,1,42,4,4260,,
399,118,1,8,3,4260,,
400,119,1,30,4,4260,,
401,119,1,20,10,4260,,
402,120,1,162,4,4260,,
403,120,1,16,10,4260,,
404,121,1,18,10,4260,,
405,121,1,8,9,4260,,
406,122,1,37,5,4320,,
407,122,1,1,8,4320,,
408,123,1,80,7,4380,,
409,123,1,0,6,4380,,
410,123,1,109,6,4380,,
411,124,1,90,1,4380,,
412,125,1,171,7,4500,,
413,125,1,126,8,4500,,
414,125,1,58,8,4500,,
415,125,1,178,4,4500,,
416,126,1,114,8,4500,,
417,126,1,195,9,4500,,
418,126,1,24,6,4500,,
419,127,1,102,5,4560,,
420,128,1,112,5,4620,,
421,129,1,37,2,4680,,
422,129,1,14,4,4680,,
423,129,1,47,11,4680,,
424,129,1,96,10,4680,,
425,129,1,19,4,4680,,
426,129,1,34,6,4680,,
427,129,1,85,8,4680,,
428,129,1,72,12,4680,,
429,129,1,16,9,4680,,
430,129,1,10,8,4680,,
431,129,1,105,8,4680,,
432,129,1,116,10,4680,,
433,130,1,0,12,4680,,
434,130,1,3,8,4680,,
435,131,1,1,8,4680,,
436,132,1,128,2,4680,,
437,133,1,128,4,4740,,
438,133,1,13,12,4740,,
439,134,1,42,7,4740,,
440,134,1,2,6,4740,,
441,134,1,72,6,4740,,
442,134,1,36,6,4740,,
443,134,1,106,12,4740,,
444,134,1,30,9,4740,,
445,134,1,71,4,4740,,
446,135,1,44,7,4740,,
447,135,1,14,6,4740,,
448,135,1,45,5,4740,,
449,135,1,151,3,4740,,
450,136,1,60,2,4800,,
451,136,1,152,4,4800,,
452,136,1,6,6,4800,,
453,137,1,66,6,4800,,
454,137,1,3,4,4800,,
455,138,1,5,10,4800,,
456,138,1,16,5,4800,,
457,138,1,184,6,4800,,
458,138,1,0,5,4800,,
459,139,1,77,4,4860,,
460,139,1,60,6,4860,,
461,139,1,28,2,4860,,
462,139,1,94,5,4860,,
463,139,1,110,12,4860,,
464,139,1,5,3,4860,,
465,139,1,32,8,4860,,
466,140,1,0,8,4860,,
467,141,1,42,11,4920,,
468,141,1,49,4,4920,,
469,141,1,183,12,4920,,
470,142,1,48,7,4980,,
471,142,1,8,7,4980,,
472,142,1,112,8,4980,,
473,142,1,22,5,4980,,
474,142,1,23,11,4980,,
475,142,1,178,6,4980,,
476,142,1,21,6,4980,,
477,143,1,0,10,4980,,
478,143,1,69,4,4980,,
479,144,1,90,10,5040,,
480,144,1,10,8,5040,,
481,144,1,105,4,5040,,
482,145,1,15,8,5100,,
483,145,1,7,7,5100,,
484,146,1,36,5,5160,,
485,146,1,134,7,5160,,
486,146,1,40,10,5160,,
487,146,1,15,8,5160,,
488,147,1,16,6,5160,,
489,148,1,176,10,5220,,
490,149,1,36,2,5280,,
491,150,1,149,8,5280,,
492,150,1,58,5,5280,,
493,151,1,4,10,5280,,
494,151,1,20,9,5280,,
495,151,1,38,8,5280,,
496,151,1,10,8,5280,,
497,152,1,47,5,5340,,
498,152,1,83,6,5340,,
499,153,1,4,5,5400,,
500,153,1,1,12,5400,,
501,153,1,6,9,5400,,
502,153,1,187,2,5400,,
503,153,1,0,2,5400,,
504,153,1,188,6,5400,,
505,154,1,40,12,5460,,
506,154,1,79,6,5460,,
507,154,1,26,12,5460,,
508,154,1,41,4,5460,,
509,154,1,179,3,5460,,
510,154,1,12,6,5460,,
511,154,1,2,9,5460,,
512,155,1,93,10,5580,,
513,156,1,118,11,5580,,
514,156,1,80,5,5580,,
515,156,1,6,11,5580,,
516,156,1,190,1,5580,,
517,157,1,56,6,5580,,
518,158,1,8,12,5640,,
519,158,1,37,3,5640,,
520,158,1,198,5,5640,,
521,158,1,1,1,5640,,
522,159,1,54,8,5640,,
523,160,1,71,4,5640,,
524,161,1,2,8,5640,,
525,162,1,37,3,5700,,
526,162,1,39,1,5700,,
527,162,1,26,8,5700,,
528,162,1,52,11,5700,,
529,163,1,36,6,5820,,
530,163,1,74,7,5820,,
531,163,1,37,10,5820,,
532,164,1,20,11,5820,,
533,165,1,7,6,5820,,
534,165,1,18,8,5820,,
535,165,1,107,5,5820,,
536,165,1,39,10,5820,,
537,165,1,33,6,5820,,
538,166,1,1,8,5880,,
539,166,1,2,8,5880,,
540,167,1,51,4,6000,,
541,167,1,9,1,6000,,
542,167,1,124,7,6000,,
543,167,1,121,5,6000,,
544,167,1,64,8,6000,,
545,167,1,107,6,6000,,
546,167,1,6,3,6000,,
547,167,1,7,2,6000,,
548,168,1,107,10,6060,,
549,168,1,23,8,6060,,
550,168,1,5,8,6060,,
551,168,1,97,8,6060,,
552,169,1,40,9,6120,,
553,169,1,23,8,6120,,
554,169,1,78,6,6120,,
555,170,1,57,9,6120,,
556,170,1,82,8,6120,,
557,170,1,39,8,6120,,
558,170,1,87,6,6120,,
559,171,1,4,12,6120,,
560,171,1,48,9,6120,,
561,172,1,23,2,6120,,
562,172,1,25,10,6120,,
563,173,1,128,6,6180,,
564,173,1,24,8,6180,,
565,174,1,62,12,6240,,
566,174,1,49,7,6240,,
567,174,1,130,8,6240,,
568,174,1,6,4,6240,,
569,175,1,63,12,6240,,
570,175,1,16,4,6240,,
571,175,1,2,4,6240,,
572,176,1,73,5,6300,,
573,176,1,49,7,6300,,
574,177,1,10,5,6300,,
575,177,1,70,4,6300,,
576,177,1,130,6,6300,,
577,178,1,2,4,6300,,
578,178,1,28,3,6300,,
579,178,1,32,9,6300,,
580,178,1,5,7,6300,,
581,178,1,36,4,6300,,
582,178,1,40,9,6300,,
583,178,1,109,6,6300,,
584,178,1,47,3,6300,,
585,179,1,44,8,6360,,
586,179,1,1,3,6360,,
587,179,1,51,12,6360,,
588,180,1,18,7,6360,,
589,180,1,7,8,6360,,
590,181,1,26,2,6420,,
591,181,1,38,2,6420,,
592,181,1,114,11,6420,,
593,181,1,46,2,6420,,
594,181,1,3,2,6420,,
595,181,1,1,6,6420,,
596,181,1,174,1,6420,,
597,182,1,4,6,6420,,
598,182,1,88,10,6420,,
599,182,1,178,1,6420,,
600,182,1,171,6,6420,,
601,183,1,61,6,6480,,
602,183,1,1,6,6480,,
603,183,1,11,6,6480,,
604,183,1,65,9,6480,,
605,183,1,5,6,6480,,
606,183,1,40,6,6480,,
607,184,1,22,10,6480,,
608,184,1,141,8,6480,,
609,184,1,3,6,6480,,
610,185,1,16,6,6480,,
611,185,1,52,3,6480,,
612,185,1,14,8,6480,,
613,185,1,11,8,6480,,
614,185,1,103,10,6480,,
615,186,1,21,5,6480,,
616,186,1,8,4,6480,,
617,187,1,23,2,6480,,
618,187,1,5,2,6480,,
619,188,1,49,1,6480,,
620,188,1,15,11,6480,,
621,189,1,198,6,6480,,
622,190,1,28,2,6540,,
623,190,1,138,7,6540,,
624,190,1,85,11,6540,,
625,190,1,74,8,6540,,
626,190,1,4,5,6540,,
627,191,1,1,4,6540,,
628,191,1,42,12,6540,,
629,191,1,8,6,6540,,
630,191,1,21,5,6540,,
631,191,1,195,2,6540,,
632,191,1,35,1,6540,,
633,192,1,22,1,6660,,
634,192,1,88,5,6660,,
635,192,1,51,7,6660,,
636,193,1,1,2,6720,,
637,193,1,55,6,6720,,
638,193,1,12,6,6720,,
639,193,1,36,4,6720,,
640,193,1,112,9,6720,,
641,194,1,1,8,6720,,
642,194,1,10,6,6720,,
643,195,1,34,4,6840,,
644,195,1,4,4,6840,,
645,195,1,8,8,6840,,
646,196,1,67,8,6840,,
647,196,1,106,5,6840,,
648,196,1,152,6,6840,,
649,197,1,33,10,6900,,
650,198,1,101,8,6960,,
651,198,1,1,12,6960,,
652,198,1,0,10,6960,,
653,199,1,192,4,6960,,
654,199,1,188,8,6960,,
655,199,1,1,4,6960,,
656,199,1,121,6,6960,,
657,199,1,114,7,6960,,
658,199,1,44,8,6960,,
659,199,1,131,4,6960,,
660,199,1,3,10,6960,,
661,199,1,190,6,6960,,
662,200,1,21,6,6960,,
663,200,1,11,7,6960,,
664,200,1,0,10,6960,,
665,200,1,122,12,6960,,
666,200,1,5,11,6960,,
667,200,1,40,2,6960,,
668,201,1,75,12,7080,,
669,201,1,0,9,7080,,
670,201,1,38,8,7080,,
671,201,1,20,10,7080,,
672,201,1,177,9,7080,,
673,202,1,77,2,7080,,
674,202,1,46,8,7080,,
675,202,1,26,2,7080,,
676,202,1,38,9,7080,,
677,203,1,11,11,7080,,
678,204,1,31,4,7140,,
679,205,1,151,12,7140,,
680,205,1,145,4,7140,,
681,206,1,3,7,7140,,
682,206,1,18,8,7140,,
683,207,1,14,6,7200,,
684,207,1,45,4,7200,,
685,207,1,34,6,7200,,
686,207,1,163,8,7200,,
687,207,1,44,8,7200,,
688,207,1,24,4,7200,,
689,207,1,22,7,7200,,
690,207,1,7,11,7200,,
691,207,1,23,4,7200,,
692,207,1,43,12,7200,,
693,207,1,46,7,7200,,
694,208,1,6,2,7200,,
695,208,1,99,7,7200,,
696,208,1,94,5,7200,,
697,208,1,179,6,7200,,
698,208,1,2,2,7200,,
699,208,1,18,4,7200,,
700,208,1,0,9,7200,,
701,208,1,148,11,7200,,
702,209,1,2,10,7200,,
703,209,1,188,9,7200,,
704,209,1,26,7,7200,,
705,210,1,35,11,7260,,
706,211,1,33,7,7260,,
707,212,1,27,8,7320,,
708,212,1,3,12,7320,,
709,212,1,89,7,7320,,
710,212,1,23,4,7320,,
711,213,1,1,1,7320,,
712,213,1,163,10,7320,,
713,214,1,67,4,7320,,
714,215,1,133,7,7320,,
715,216,1,6,9,7500,,
716,216,1,25,4,7500,,
717,217,1,117,10,7560,,
718,217,1,57,7,7560,,
719,217,1,126,8,7560,,
720,217,1,47,2,7560,,
721,218,1,12,8,7560,,
722,218,1,164,10,7560,,
723,219,1,15,12,7620,,
724,219,1,29,6,7620,,
725,219,1,49,6,7620,,
726,219,1,14,11,7620,,
727,220,1,21,10,7620,,
728,220,1,167,8,7620,,
729,220,1,49,8,7620,,
730,221,1,27,4,7740,,
731,221,1,172,3,7740,,
732,222,1,20,7,7740,,
733,222,1,153,8,7740,,
734,222,1,18,8,7740,,
735,222,1,48,8,7740,,
736,222,1,161,8,7740,,
737,222,1,23,4,7740,,
738,222,1,80,11,7740,,
739,222,1,49,10,7740,,
740,222,1,15,9,7740,,
741,222,1,35,9,7740,,
742,223,1,0,4,7800,,
743,223,1,73,8,7800,,
744,223,1,84,4,7800,,
745,224,1,6,5,7860,,
746,225,1,135,10,7920,,
747,225,1,35,7,7920,,
748,225,1,132,8,7920,,
749,225,1,84,6,7920,,
750,225,1,163,4,7920,,
751,225,1,96,8,7920,,
752,225,1,4,9,7920,,
753,225,1,131,10,7920,,
754,226,1,1,2,8040,,
755,227,1,3,1,8040,,
756,227,1,178,8,8040,,
757,227,1,112,4,8040,,
758,227,1,28,6,8040,,
759,227,1,145,10,8040,,
760,227,1,84,8,8040,,
761,227,1,37,6,8040,,
762,228,1,61,7,8040,,
763,228,1,14,10,8040,,
764,229,1,89,6,8040,,
765,229,1,77,8,8040,,
766,229,1,9,2,8040,,
767,229,1,7,6,8040,,
768,230,1,178,2,8100,,
769,231,1,87,8,8100,,
770,231,1,83,8,8100,,
771,231,1,134,6,8100,,
772,231,1,11,7,8100,,
773,232,1,39,12,8160,,
774,232,1,13,4,8160,,
775,233,1,174,6,8160,,
776,233,1,60,5,8160,,
777,233,1,143,4,8160,,
778,233,1,15,2,8160,,
779,233,1,4,11,8160,,
780,233,1,43,10,8160,,
781,233,1,194,3,8160,,
782,233,1,16,5,8160,,
783,234,1,9,10,8220,,
784,234,1,106,8,8220,,
785,235,1,3,8,8220,,
786,236,1,19,2,8280,,
787,236,1,45,4,8280,,
788,236,1,117,8,8280,,
789,236,1,42,8,8280,,
790,236,1,30,11,8280,,
791,236,1,10,12,8280,,
792,236,1,79,6,8280,,
793,237,1,102,10,8340,,
794,238,1,10,6,8520,,
795,239,1,6,5,8520,,
796,240,1,68,7,8520,,
797,240,1,41,6,8520,,
798,240,1,31,2,8520,,
799,240,1,13,6,8520,,
800,240,1,42,12,8520,,
801,240,1,48,5,8520,,
802,240,1,46,4,8520,,
803,241,1,72,9,8580,,
804,241,1,39,9,8580,,
805,241,1,28,10,8580,,
806,242,1,66,1,8580,,
807,243,1,17,10,8640,,
808,243,1,35,10,8640,,
809,243,1,130,2,8640,,
810,244,1,29,6,8640,,
811,244,1,119,10,8640,,
812,245,1,9,8,8700,,
813,246,1,5,8,8700,,
814,246,1,121,2,8700,,
815,247,1,136,4,8760,,
816,248,1,62,10,8760,,
817,248,1,149,8,8760,,
818,248,1,60,4,8760,,
819,248,1,15,8,8760,,
820,249,1,43,2,8820,,
821,250,1,83,10,8820,,
822,250,1,176,4,8820,,
823,250,1,155,6,8820,,
824,250,1,12,4,8820,,
825,251,1,74,2,8880,,
826,251,1,104,6,8880,,
827,251,1,27,10,8880,,
828,252,1,3,2,8880,,
829,253,1,24,7,8940,,
830,254,1,2,12,8940,,
831,254,1,6,6,8940,,
832,254,1,190,4,8940,,
833,254,1,64,9,8940,,
834,254,1,22,3,8940,,
835,254,1,8,2,8940,,
836,254,1,107,2,8940,,
837,254,1,149,9,8940,,
838,254,1,65,8,8940,,
839,254,1,154,6,8940,,
840,254,1,41,5,8940,,
841,255,1,148,6,9000,,
842,256,1,8,10,9000,,
843,257,1,175,7,9120,,
844,257,1,12,8,9120,,
845,258,1,48,9,9120,,
846,258,1,25,7,9120,,
847,258,1,33,6,9120,,
848,258,1,116,8,9120,,
849,259,1,7,5,9180,,
850,259,1,93,6,9180,,
851,259,1,55,7,9180,,
852,259,1,64,10,9180,,
853,259,1,170,2,9180,,
854,259,1,44,1,9180,,
855,259,1,4,8,9180,,
856,259,1,2,9,9180,,
857,259,1,46,6,9180,,
858,259,1,27,11,9180,,
859,259,1,130,8,9180,,
860,259,1,5,9,9180,,
861,259,1,1,4,9180,,
862,260,1,67,6,9240,,
863,261,1,156,10,9240,,
864,261,1,20,6,9240,,
865,261,1,34,12,9240,,
866,262,1,9,6,9240,,
867,262,1,3,10,9240,,
868,262,1,115,10,9240,,
869,262,1,13,12,9240,,
870,263,1,125,10,9300,,
871,264,1,8,10,9360,,
872,264,1,6,4,9360,,
873,264,1,106,4,9360,,
874,264,1,121,9,9360,,
875,264,1,57,10,9360,,
876,264,1,98,2,9360,,
877,264,1,1,8,9360,,
878,264,1,11,6,9360,,
879,264,1,81,8,9360,,
880,264,1,189,5,9360,,
881,265,1,41,8,9360,,
882,265,1,46,7,9360,,
883,266,1,2,11,9420,,
884,267,1,22,4,9480,,
885,268,1,13,5,9480,,
886,268,1,42,7,9480,,
887,269,1,60,8,9480,,
888,269,1,12,6,9480,,
889,269,1,36,6,9480,,
890,270,1,110,4,9720,,
891,270,1,33,3,9720,,
892,270,1,34,1,9720,,
893,270,1,26,6,9720,,
894,271,1,12,4,9780,,
895,271,1,1,2,9780,,
896,272,1,29,9,9780,,
897,273,1,165,11,9780,,
898,273,1,47,3,9780,,
899,274,1,15,2,9780,,
900,274,1,81,4,9780,,
901,274,1,3,10,9780,,
902,275,1,10,8,9840,,
903,275,1,46,3,9840,,
904,275,1,13,1,9840,,
905,276,1,161,8,9840,,
906,276,1,24,7,9840,,
907,276,1,48,2,9840,,
908,276,1,2,7,9840,,
909,276,1,7,7,9840,,
910,277,1,182,11,9900,,
911,277,1,114,8,9900,,
912,277,1,89,8,9900,,
913,278,1,23,7,10020,,
914,278,1,30,4,10020,,
915,278,1,9,9,10020,,
916,278,1,31,10,10020,,
917,279,1,76,7,10020,,
918,279,1,27,2,10020,,
919,279,1,49,5,10020,,
920,279,1,12,10,10020,,
921,279,1,14,8,10020,,
922,280,1,95,10,10080,,
923,280,1,179,6,10080,,
924,280,1,11,4,10080,,
925,280,1,4,6,10080,,
926,280,1,2,7,10080,,
927,281,1,50,10,10140,,
928,282,1,156,4,10200,,
929,283,1,36,11,10260,,
930,283,1,149,8,10260,,
931,283,1,26,7,10260,,
932,283,1,40,9,10260,,
933,284,1,66,8,10320,,
934,284,1,173,6,10320,,
935,284,1,114,4,10320,,
936,284,1,6,4,10320,,
937,284,1,13,9,10320,,
938,284,1,10,4,10320,,
939,284,1,163,6,10320,,
940,284,1,71,7,10320,,
941,284,1,49,4,10320,,
942,285,1,86,8,10320,,
943,286,1,7,2,10320,,
944,287,1,199,6,10440,,
945,287,1,114,4,10440,,
946,287,1,45,8,10440,,
947,288,1,12,12,10440,,
948,288,1,17,8,10440,,
949,288,1,106,11,10440,,
950,288,1,32,9,10440,,
951,288,1,9,2,10440,,
952,288,1,186,8,10440,,
953,288,1,22,7,10440,,
954,289,1,185,12,10440,,
955,290,1,50,7,10440,,
956,290,1,10,10,10440,,
957,291,1,2,12,10500,,
958,291,1,18,10,10500,,
959,291,1,19,12,10500,,
