item_id,item_code,item_class,item_order_frequency,item_initial_quantity_inventory,box_length,box_width,box_height,box_volume,box_weight,number_of_item_in_a_box,item_volume,item_weight,item_unit,item_quantity_order_unique,item_pod_inventory_level,item_warehouse_inventory_level
0,10021026001,A,2604,22,39.0,28.0,32.0,34944.0,19.23,12,2912.0,1.602,PCS,"[1, 2, 3, 4, 5, 6, 7, 8, 9, 10, 11, 12, 13, 24, 25, 48]",0.4,0.4
1,14503003001,A,2477,42,46.0,33.0,20.0,30360.0,3.0,24,1265.0,0.125,PCS,"[1, 2, 3, 6, 9, 12, 15, 18, 21, 24, 27, 30, 33, 39, 48, 54]",0.4,0.4
2,14023056001,A,1917,21,52.0,40.0,23.0,47840.0,4.86,12,3986.7,0.405,PCS,"[1, 2, 3, 4, 5, 6, 7, 8, 9, 10, 11, 12, 13, 15, 18, 22, 24, 30, 38, 41, 52]",0.4,0.4
3,10021025001,A,1668,240,35.0,20.0,13.0,9100.0,7.77,24,379.2,0.324,PCS,"[6, 12, 18, 24, 30, 36, 42, 48, 54, 66, 72, 84, 96, 120, 144, 288, 510, 810]",0.4,0.4
4,14014006001,A,1495,35,60.0,41.0,29.0,71340.0,2.55,6,11890.0,0.425,PCS,"[1, 2, 3, 4, 5, 6, 7, 8, 9, 10, 11, 12, 18, 19, 20, 22, 25, 30, 42, 46, 48, 54, 144]",0.4,0.4
5,14805012001,A,1446,191,41.0,27.0,13.0,14391.0,10.01,24,599.6,0.417,PCS,"[2, 4, 6, 8, 10, 12, 14, 18, 24, 30, 36, 42, 48, 60, 72, 180, 240, 288, 324, 840]",0.4,0.4
6,14014014001,A,1380,24,61.0,40.0,40.0,97600.0,3.4,10,9760.0,0.34,PCS,"[1, 2, 3, 4, 5, 6, 7, 8, 9, 10, 11, 12, 13, 16, 30, 54, 73]",0.4,0.4
7,14804007001,A,1283,104,41.0,28.0,13.0,14924.0,10.8,24,621.8,0.45,PCS,"[2, 4, 6, 8, 12, 18, 22, 24, 30, 36, 42, 48, 54, 60, 72, 144, 192]",0.4,0.4
8,14010040001,A,1258,16,38.0,33.0,21.0,26334.0,3.81,10,2633.4,0.381,PCS,"[1, 2, 3, 4, 5, 6, 7, 8, 9, 10, 11, 12, 16]",0.4,0.4
9,14502009001,A,1210,103,37.0,37.0,14.0,19166.0,2.99,30,638.9,0.1,PCS,"[1, 5, 9, 10, 15, 20, 25, 30, 35, 40, 45, 50, 60, 65, 70, 75]",0.4,0.4
10,14500000001,A,1184,92,41.0,32.0,13.0,17056.0,3.55,30,568.5,0.118,PCS,"[5, 10, 15, 20, 25, 30, 35, 40, 45, 55, 60, 70, 120]",0.4,0.4
11,10000011001,A,1119,502,40.0,27.0,10.0,10800.0,6.76,24,450.0,0.282,PCS,"[24, 48, 72, 96, 120, 144, 192, 240, 288, 480]",0.4,0.4
12,14010142001,A,1104,24,61.0,39.0,29.0,68991.0,2.45,8,8623.9,0.306,PCS,"[1, 2, 3, 4, 5, 6, 7, 8, 9, 10, 11, 12, 13, 15, 18, 19, 27, 30, 32, 44, 48]",0.4,0.4
13,10033043001,A,1052,88,41.0,27.0,24.0,26568.0,14.3,24,1107.0,0.596,PCS,"[2, 4, 8, 12, 16, 18, 20, 22, 24, 28, 32, 48, 52, 64, 72, 96]",0.4,0.4
14,14014015001,A,1050,20,60.0,40.0,35.0,84000.0,4.92,12,7000.0,0.41,PCS,"[1, 2, 3, 4, 5, 6, 7, 8, 9, 10, 11, 12, 20, 55]",0.4,0.4
15,14011029001,A,965,15,59.0,39.0,40.0,92040.0,4.4,12,7670.0,0.367,PCS,"[1, 2, 3, 4, 5, 6, 7, 8, 9, 10, 11, 12]",0.4,0.4
16,14023028001,A,899,16,57.0,39.0,41.0,91143.0,3.61,12,7595.3,0.301,PCS,"[1, 2, 3, 4, 5, 6, 7, 8, 9, 10, 11, 12, 15]",0.4,0.4
17,14020026001,A,881,15,42.0,22.0,13.0,12012.0,2.11,12,1001.0,0.176,PCS,"[1, 2, 3, 4, 5, 6, 7, 8, 10, 11, 12, 15]",0.4,0.4
18,14112013001,A,870,15,40.0,28.0,31.0,34720.0,3.33,10,3472.0,0.333,PCS,"[1, 2, 3, 4, 5, 6, 7, 8, 9, 10, 11, 12, 20, 30]",0.4,0.4
19,14023104001,A,847,14,59.0,39.0,38.0,87438.0,3.36,12,7286.5,0.28,PCS,"[1, 2, 3, 4, 5, 6, 7, 8, 9, 10, 11, 12, 17]",0.4,0.4
20,10002018001,A,817,106,41.0,27.0,12.0,13284.0,9.27,24,553.5,0.386,PCS,"[1, 5, 6, 12, 18, 23, 24, 30, 36, 48, 54, 60, 72, 120]",0.4,0.4
21,14831007001,A,810,109,32.0,23.0,17.0,12512.0,7.92,48,260.7,0.165,PCS,"[3, 6, 9, 12, 15, 21, 24, 27, 30, 36, 39, 48, 57, 60, 87, 96, 108, 144]",0.4,0.4
22,14502014001,A,799,15,46.0,33.0,20.0,30360.0,3.0,24,1265.0,0.125,PCS,"[3, 6, 12, 18]",0.4,0.4
23,14505013001,A,797,96,35.0,32.0,14.0,15680.0,3.3,30,522.7,0.11,PCS,"[5, 10, 15, 20, 25, 30, 35, 40, 45, 50, 55, 60, 70]",0.4,0.4
24,14000057001,A,794,10,52.0,32.0,28.0,46592.0,4.41,10,4659.2,0.441,PCS,"[1, 2, 3, 4, 5, 6, 7, 8, 9, 10, 12]",0.4,0.4
25,14102249001,A,767,12,51.0,21.0,34.0,36414.0,4.54,10,3641.4,0.454,PCS,"[1, 2, 3, 4, 5, 6, 7, 8, 9, 10, 12, 21]",0.4,0.4
26,10021008001,A,756,272,35.0,20.0,11.0,7700.0,6.58,24,320.8,0.274,PCS,"[6, 12, 18, 24, 30, 48, 72, 96, 144, 624, 720]",0.4,0.4
27,14821003001,A,753,29,36.0,24.0,19.0,16416.0,12.8,48,342.0,0.267,PCS,"[3, 6, 9, 12, 30, 33, 36, 39]",0.4,0.4
28,14014005001,A,745,13,59.0,39.0,33.0,75933.0,4.64,12,6327.8,0.387,PCS,"[1, 2, 3, 4, 5, 6, 7, 8, 9, 10, 12]",0.4,0.4
29,10035035001,A,743,169,35.0,20.0,11.0,7700.0,6.57,24,320.8,0.274,PCS,"[2, 4, 6, 8, 10, 12, 14, 16, 18, 20, 22, 24, 30, 34, 36, 42, 48, 54, 72, 78, 96, 240]",0.4,0.4
30,14011003001,A,743,10,43.0,33.0,20.0,28380.0,2.32,6,4730.0,0.387,PCS,"[1, 2, 3, 4, 5, 6, 7, 8, 9, 10, 11, 12]",0.4,0.4
31,14501010001,A,720,64,45.0,34.0,21.0,32130.0,3.0,24,1338.8,0.125,PCS,"[3, 6, 9, 12, 15, 18, 21, 24, 27, 30, 33, 39, 48]",0.4,0.4
32,14502011001,A,720,87,45.0,33.0,20.0,29700.0,3.0,24,1237.5,0.125,PCS,"[3, 6, 9, 12, 15, 18, 21, 24, 27, 30, 36, 39, 48, 54, 72, 168]",0.4,0.4
33,10031013001,A,713,111,40.0,20.0,14.0,11200.0,9.82,24,466.7,0.409,PCS,"[6, 12, 18, 24, 30, 36, 42, 48, 60, 72, 84, 96]",0.4,0.4
34,14840003001,A,713,88,31.0,23.0,23.0,16399.0,11.19,48,341.6,0.233,PCS,"[1, 2, 3, 4, 6, 8, 9, 10, 12, 13, 15, 18, 21, 22, 24, 26, 30, 33, 36, 39, 41, 42, 44, 48, 57, 59, 65, 84, 96, 108]",0.4,0.4
35,14840006001,A,708,55,42.0,29.0,20.0,24360.0,17.32,48,507.5,0.361,PCS,"[3, 6, 9, 12, 15, 21, 120, 150]",0.4,0.4
36,14611010001,A,705,13,42.0,29.0,33.0,40194.0,20.78,6,6699.0,3.463,PCS,"[1, 2, 3, 4, 5, 6, 7, 8, 10, 11, 12]",0.4,0.4
37,10034042001,A,700,125,34.0,20.0,11.0,7480.0,6.64,24,311.7,0.277,PCS,"[6, 12, 18, 24, 30, 48, 96]",0.4,0.4
38,10032006001,A,694,156,34.0,20.0,11.0,7480.0,6.61,24,311.7,0.275,PCS,"[6, 12, 18, 24, 30, 36, 48, 54, 60, 66, 72, 84, 96]",0.4,0.4
39,10010002001,A,693,142,35.0,20.0,11.0,7700.0,6.63,24,320.8,0.276,PCS,"[6, 12, 18, 24, 30, 36, 48, 54, 72, 96]",0.4,0.4
40,10000002001,A,686,107,34.0,23.0,31.0,24242.0,13.31,6,4040.3,2.218,PCS,"[1, 2, 3, 4, 5, 6, 7, 8, 9, 11, 12, 13, 15, 16, 18, 21, 22, 23, 24, 30, 36, 37, 39, 42, 48, 50, 54, 60]",0.4,0.4
41,14203017001,A,683,13,53.0,34.0,33.0,59466.0,6.06,40,1486.7,0.152,PCS,"[1, 2, 3, 4, 5, 6, 7, 8, 10, 11, 12, 16, 20]",0.4,0.4
42,14102250001,A,681,11,51.0,21.0,34.0,36414.0,4.54,10,3641.4,0.454,PCS,"[1, 2, 3, 4, 5, 6, 7, 8, 9, 11, 12]",0.4,0.4
43,14832021001,A,681,41,35.0,27.0,12.0,11340.0,7.2,24,472.5,0.3,PCS,"[1, 2, 3, 4, 6, 8, 9, 12, 18, 21, 24, 30, 33, 40, 48]",0.4,0.4
44,10033018001,A,666,140,37.0,25.0,24.0,22200.0,14.89,24,925.0,0.62,PCS,"[1, 3, 4, 5, 7, 8, 9, 12, 15, 16, 19, 20, 24, 28, 36, 44, 48, 52, 64, 72, 96, 120]",0.4,0.4
45,14505016001,A,660,51,46.0,33.0,20.0,30360.0,3.0,24,1265.0,0.125,PCS,"[3, 6, 9, 12, 15, 18, 21, 24, 45, 48]",0.4,0.4
46,14131033001,A,658,7,53.0,31.0,25.0,41075.0,5.6,15,2738.3,0.373,PCS,"[1, 2, 3, 4, 5, 11]",0.4,0.4
47,14112007001,A,654,17,40.0,28.0,31.0,34720.0,3.65,10,3472.0,0.365,PCS,"[1, 2, 3, 4, 5, 6, 7, 8, 9, 10, 12, 20, 30]",0.4,0.4
48,10031001001,A,654,143,35.0,20.0,11.0,7700.0,6.6,24,320.8,0.275,PCS,"[2, 4, 6, 12, 14, 18, 20, 22, 24, 30, 34, 48, 60, 72, 96]",0.4,0.4
49,10032013001,A,649,119,40.0,20.0,14.0,11200.0,9.8,24,466.7,0.408,PCS,"[6, 12, 18, 24, 30, 36, 48, 60, 72, 240]",0.4,0.4
50,14510039001,B,535,7,35.0,24.0,5.0,4288.0,3.0,1,4287.5,3.0,PCS,"[1, 2, 3, 4, 5, 6, 8, 10]",0.5,0.5
51,10034019001,B,529,68,35.0,20.0,12.0,8400.0,6.66,24,350.0,0.278,PCS,"[6, 12, 18, 24, 30, 36, 42, 48, 72, 96]",0.5,0.5
52,14011052001,B,527,48,50.0,39.0,29.0,56550.0,2.45,24,2356.3,0.102,PCS,"[4, 8, 12, 16, 20, 24, 28, 32, 36, 40, 44, 48, 60, 68, 96, 120]",0.5,0.5
53,14010011001,B,525,6,51.0,42.0,24.0,51408.0,2.01,6,8568.0,0.335,PCS,"[1, 2, 3, 4, 5, 6, 7, 8, 10, 11]",0.5,0.5
54,10033037001,B,522,84,35.0,21.0,11.0,8085.0,6.58,24,336.9,0.274,PCS,"[6, 12, 18, 24, 30, 42, 48, 54, 72, 120, 240]",0.5,0.5
55,14501063001,B,521,26,42.0,28.0,17.0,19992.0,1.8,12,1666.0,0.15,PCS,"[3, 6, 9, 12, 15, 18, 21, 24, 27, 30, 36]",0.5,0.5
56,10000005001,B,516,68,40.0,28.0,12.0,13440.0,8.89,24,560.0,0.37,PCS,"[6, 12, 18, 24, 30, 36, 42, 48, 72, 96, 108]",0.5,0.5
57,14112014001,B,515,7,46.0,28.0,31.0,39928.0,3.51,10,3992.8,0.351,PCS,"[1, 2, 3, 4, 5, 6, 7, 8, 9, 10, 11, 12, 18]",0.5,0.5
58,10000026001,B,506,43,34.0,22.0,14.0,10472.0,6.62,24,436.3,0.276,PCS,"[8, 16, 24, 32, 40, 48, 64, 72, 96]",0.5,0.5
59,14100003001,B,504,6,40.0,27.0,37.0,39960.0,4.36,12,3330.0,0.363,PCS,"[1, 2, 3, 4, 5, 6, 7, 8, 10, 11, 12, 14, 25]",0.5,0.5
60,14110009001,B,502,7,34.0,24.0,40.0,32640.0,3.16,12,2720.0,0.263,PCS,"[1, 2, 3, 4, 5, 6, 7, 8, 10, 11, 12]",0.5,0.5
61,14501022001,B,498,17,34.0,26.0,15.0,13260.0,2.75,12,1105.0,0.229,PCS,"[1, 2, 3, 4, 5, 6, 9, 12, 15, 18, 24, 30]",0.5,0.5
62,14502077001,B,497,28,43.0,28.0,17.0,20468.0,1.8,12,1705.7,0.15,PCS,"[3, 6, 9, 12, 15, 18, 21, 24, 27, 30, 36, 48]",0.5,0.5
63,14121106001,B,495,6,36.0,24.0,18.0,15552.0,1.81,10,1555.2,0.181,PCS,"[1, 2, 3, 4, 5, 6, 7, 8, 9, 10, 11, 12]",0.5,0.5
64,14133003001,B,495,6,44.0,26.0,35.0,40040.0,4.01,12,3336.7,0.334,PCS,"[1, 2, 3, 4, 5, 6, 7, 9, 10, 11, 12]",0.5,0.5
65,14131041001,B,493,5,56.0,26.0,24.0,34944.0,3.92,8,4368.0,0.49,PCS,"[1, 2, 3, 4, 5, 6, 8, 9, 10]",0.5,0.5
66,14000039001,B,492,6,46.0,28.0,14.0,18032.0,2.8,12,1502.7,0.233,PCS,"[1, 2, 3, 4, 5, 6, 8, 9, 10, 12]",0.5,0.5
67,14021017001,B,491,6,61.0,47.0,38.0,108946.0,3.93,12,9078.8,0.328,PCS,"[1, 2, 3, 4, 5, 6, 7, 8, 10, 12]",0.5,0.5
68,14505041001,B,490,76,39.0,31.0,12.0,14508.0,2.08,40,362.7,0.052,PCS,"[5, 10, 15, 20, 25, 30, 35, 40, 45, 50, 55, 60, 65, 70, 75, 80, 85, 90, 260]",0.5,0.5
69,14503019001,B,485,22,43.0,29.0,23.0,28681.0,2.11,12,2390.1,0.176,PCS,"[3, 6, 9, 12, 15, 21, 24, 27, 30]",0.5,0.5
70,14101025001,B,483,6,45.0,41.0,24.0,44280.0,5.24,12,3690.0,0.437,PCS,"[1, 2, 3, 4, 5, 6, 7, 8, 9, 10, 11, 12]",0.5,0.5
71,14000197001,B,482,5,46.0,30.0,29.0,40020.0,3.46,12,3335.0,0.288,PCS,"[1, 2, 3, 4, 6, 8, 10]",0.5,0.5
72,10030007001,B,479,47,38.0,25.0,24.0,22800.0,14.88,24,950.0,0.62,PCS,"[4, 8, 12, 16, 20, 24, 28, 32, 48, 52, 60, 72]",0.5,0.5
73,10030048001,B,478,46,38.0,25.0,24.0,22800.0,14.97,24,950.0,0.624,PCS,"[4, 8, 12, 16, 20, 24, 44, 48]",0.5,0.5
74,10002021001,B,477,72,40.0,27.0,9.0,9720.0,6.99,24,405.0,0.291,PCS,"[24, 48, 72, 96, 144]",0.5,0.5
75,14500037001,B,475,5,41.0,37.0,38.0,57646.0,6.83,6,9607.7,1.138,PCS,"[1, 2, 3, 14, 25]",0.5,0.5
76,14023029001,B,475,7,59.0,39.0,40.0,92040.0,3.69,12,7670.0,0.308,PCS,"[1, 2, 3, 4, 5, 6, 7, 8, 9, 10, 11, 12, 16]",0.5,0.5
77,10001012001,B,473,92,40.0,27.0,10.0,10800.0,6.79,24,450.0,0.283,PCS,"[24, 48, 72, 96, 168]",0.5,0.5
78,14820012001,B,471,12,42.0,29.0,18.0,21924.0,17.76,48,456.8,0.37,PCS,"[1, 2, 3, 4, 5, 6, 7, 8, 9, 10, 11, 12, 30]",0.5,0.5
79,14000032001,B,470,5,47.0,27.0,36.0,45684.0,5.15,12,3807.0,0.429,PCS,"[1, 2, 3, 4, 5, 6, 7, 10, 11, 12]",0.5,0.5
80,14113066001,B,469,5,42.0,25.0,23.0,24150.0,3.74,8,3018.8,0.468,PCS,"[1, 2, 3, 4, 5, 6, 7, 8, 9, 12]",0.5,0.5
81,14011032001,B,468,7,51.0,31.0,26.0,41106.0,1.49,6,6851.0,0.248,PCS,"[1, 2, 3, 4, 5, 6, 7, 8, 9, 10, 12, 17]",0.5,0.5
82,14810016001,B,465,19,35.0,26.0,18.0,16380.0,10.7,24,682.5,0.446,PCS,"[3, 6, 9, 12, 15, 18, 36, 84]",0.5,0.5
83,10032010001,B,465,65,34.0,20.0,11.0,7480.0,6.68,24,311.7,0.278,PCS,"[6, 12, 18, 24, 30, 48, 72]",0.5,0.5
84,14011028001,B,462,5,43.0,33.0,20.0,28380.0,2.256,6,4730.0,0.376,PCS,"[1, 2, 3, 4, 5, 6, 7, 10, 12]",0.5,0.5
85,14001042001,B,461,4,50.0,33.0,34.0,56100.0,4.71,12,4675.0,0.392,PCS,"[1, 2, 3, 4, 5, 6, 10, 12]",0.5,0.5
86,14020053001,B,458,7,30.0,30.0,23.0,20700.0,2.87,16,1293.8,0.179,PCS,"[1, 2, 3, 4, 5, 6, 7, 8, 9, 10, 11, 12, 20]",0.5,0.5
87,14805013001,B,456,4,44.0,29.0,25.0,31900.0,20.66,4,7975.0,5.165,PCS,"[1, 2, 3, 4, 5]",0.5,0.5
88,14501014001,B,456,41,37.0,37.0,14.0,19166.0,3.24,30,638.9,0.108,PCS,"[5, 10, 15, 20, 30, 60]",0.5,0.5
89,14505014001,B,455,30,42.0,29.0,18.0,21924.0,1.7,12,1827.0,0.142,PCS,"[3, 6, 9, 12, 15, 18, 21, 24, 27, 30, 36, 48]",0.5,0.5
90,14001047001,B,452,7,47.0,32.0,23.0,34592.0,3.36,8,4324.0,0.42,PCS,"[1, 2, 3, 4, 5, 6, 7, 8, 10, 11, 12, 24]",0.5,0.5
91,14000006001,B,452,5,60.0,34.0,29.0,59160.0,4.77,9,6573.3,0.53,PCS,"[1, 2, 3, 4, 5, 6, 7, 10, 12]",0.5,0.5
92,14104118001,B,451,5,74.0,29.0,23.0,49358.0,5.22,15,3290.5,0.348,PCS,"[1, 2, 3, 4, 5, 6, 7, 10, 12]",0.5,0.5
93,14104012001,B,442,5,74.0,29.0,23.0,49358.0,4.21,15,3290.5,0.281,PCS,"[1, 2, 3, 4, 5, 6, 7, 9, 10, 11, 15]",0.5,0.5
94,10001004001,B,440,31,34.0,23.0,31.0,24242.0,12.52,6,4040.3,2.087,PCS,"[1, 2, 3, 4, 5, 6, 7, 9, 10, 12, 15, 16, 17, 18, 21, 24, 31, 36, 39, 48]",0.5,0.5
95,10033064001,B,433,56,40.0,20.0,14.0,11200.0,9.82,24,466.7,0.409,PCS,"[6, 12, 18, 24, 30, 48, 54, 60, 72, 120]",0.5,0.5
96,10021006001,B,432,112,42.0,28.0,24.0,28224.0,16.04,24,1176.0,0.668,PCS,"[4, 8, 12, 16, 20, 24, 28, 36, 48, 52, 64, 72, 96, 108, 120, 124, 128]",0.5,0.5
97,10040039001,B,422,11,36.0,18.0,35.0,22680.0,11.15,2,11340.0,5.575,PCS,"[2, 4, 6, 12, 18, 20]",0.5,0.5
98,14121014001,B,422,6,46.0,26.0,20.0,23920.0,2.7,12,1993.3,0.225,PCS,"[1, 2, 3, 4, 5, 6, 7, 8, 9, 10, 12]",0.5,0.5
99,10002006001,B,422,21,34.0,23.0,31.0,24242.0,13.37,6,4040.3,2.228,PCS,"[1, 2, 3, 4, 6, 7, 12, 18, 22, 24, 36, 48]",0.5,0.5
100,14132015001,B,422,7,37.0,37.0,26.0,35594.0,4.14,12,2966.2,0.345,PCS,"[1, 2, 3, 4, 5, 6, 7, 8, 9, 10, 12, 30]",0.5,0.5
101,10010035001,B,416,63,34.0,20.0,11.0,7480.0,6.61,24,311.7,0.275,PCS,"[6, 12, 18, 24, 30, 48, 54, 72]",0.5,0.5
102,14104129001,B,414,4,45.0,55.0,20.0,49500.0,5.75,12,4125.0,0.479,PCS,"[1, 2, 3, 4, 5, 6, 12]",0.5,0.5
103,14502006001,B,412,10,37.0,31.0,14.0,16058.0,3.0,24,669.1,0.125,PCS,"[4, 5, 8]",0.5,0.5
104,10010004001,B,409,126,35.0,20.0,11.0,7700.0,6.73,24,320.8,0.28,PCS,"[6, 12, 18, 24, 36, 48, 72, 96, 720]",0.5,0.5
105,14020926001,B,408,6,62.0,45.0,36.0,100440.0,3.49,12,8370.0,0.291,PCS,"[1, 2, 3, 4, 5, 6, 7, 8, 9, 10, 12]",0.5,0.5
106,14130007001,B,408,5,56.0,26.0,24.0,34944.0,3.92,8,4368.0,0.49,PCS,"[1, 2, 3, 4, 5, 6, 8, 9, 10]",0.5,0.5
107,14121019001,B,407,6,48.0,38.0,19.0,34656.0,3.65,12,2888.0,0.304,PCS,"[1, 2, 3, 4, 5, 6, 7, 8, 10, 12]",0.5,0.5
108,14502081001,B,406,135,38.0,31.0,13.0,15314.0,3.25,30,510.5,0.108,PCS,"[1, 4, 5, 6, 9, 10, 15, 20, 25, 26, 30, 35, 40, 45, 50, 55, 60, 110, 300]",0.5,0.5
109,10002008001,B,404,111,40.0,27.0,10.0,10800.0,6.8,24,450.0,0.283,PCS,"[24, 48, 72, 96, 120, 192]",0.5,0.5
110,14505899001,B,403,60,40.0,31.0,13.0,16120.0,3.0,40,403.0,0.075,PCS,"[5, 10, 15, 20, 25, 30, 35, 40, 45, 50, 55, 60, 70, 80, 90]",0.5,0.5
111,14510050001,B,403,7,35.0,24.0,5.0,4288.0,3.0,1,4287.5,3.0,PCS,"[1, 2, 3, 4, 5, 6, 8, 10]",0.5,0.5
112,10002102001,B,401,85,40.0,27.0,12.0,12960.0,9.0,24,540.0,0.375,PCS,"[12, 18, 24, 36, 48, 60, 72, 84, 96, 120]",0.5,0.5
113,10030023001,B,397,5,27.0,20.0,20.0,10800.0,6.02,1,10800.0,6.02,PCS,"[1, 2, 3, 4, 8]",0.5,0.5
114,10034025001,B,395,67,35.0,20.0,11.0,7700.0,6.7,24,320.8,0.279,PCS,"[6, 12, 18, 24, 30, 36, 48, 72, 96]",0.5,0.5
115,10002019001,B,390,69,41.0,27.0,13.0,14391.0,9.34,24,599.6,0.389,PCS,"[6, 12, 18, 24, 30, 36, 48, 60, 72, 84, 96, 120]",0.5,0.5
116,14101048001,B,388,6,46.0,41.0,24.0,45264.0,4.88,12,3772.0,0.407,PCS,"[1, 2, 3, 4, 5, 6, 7, 8, 10, 15]",0.5,0.5
117,14830010001,B,386,44,35.0,27.0,17.0,16065.0,11.73,48,334.7,0.244,PCS,"[3, 6, 9, 12, 15, 18, 24, 30, 45, 60, 66, 72, 78, 144, 216]",0.5,0.5
118,14503000001,B,386,44,37.0,37.0,14.0,19166.0,3.0,30,638.9,0.1,PCS,"[5, 10, 15, 20, 25, 30, 35, 45, 50, 55, 60, 70]",0.5,0.5
119,12201105001,B,382,7,20.0,10.0,8.0,1615.0,0.2,1,1615.0,0.2,PCS,"[1, 2, 3, 4, 5, 6, 8]",0.5,0.5
120,14832018001,B,371,28,35.0,27.0,12.0,11340.0,7.21,24,472.5,0.3,PCS,"[3, 6, 9, 12, 18, 21, 24, 27, 30, 36, 42, 45, 48]",0.5,0.5
121,14850010001,B,370,5,80.0,40.0,12.0,38400.0,15.0,1,38400.0,15.0,PCS,"[1, 2, 3, 4, 5, 6]",0.5,0.5
122,14501013001,B,369,50,42.0,28.0,22.0,25872.0,2.5,12,2156.0,0.208,PCS,"[3, 6, 9, 12, 15, 18, 24, 30, 36, 102]",0.5,0.5
123,14011034001,B,368,7,45.0,30.0,30.0,40500.0,2.8,10,4050.0,0.28,PCS,"[1, 2, 3, 4, 5, 6, 7, 8, 10, 11, 12]",0.5,0.5
124,14010071001,B,366,6,61.0,47.0,38.0,108946.0,3.5,12,9078.8,0.292,PCS,"[1, 2, 3, 4, 5, 6, 7, 9, 10, 12]",0.5,0.5
125,10040062001,B,365,46,37.0,27.0,30.0,29970.0,15.0,12,2497.5,1.25,PCS,"[2, 10, 12, 24, 36, 48, 60]",0.5,0.5
126,10021001001,B,365,124,41.0,28.0,10.0,11480.0,6.48,24,478.3,0.27,PCS,"[24, 48, 72, 96, 600]",0.5,0.5
127,10002005001,B,363,50,40.0,27.0,13.0,14040.0,9.56,24,585.0,0.398,PCS,"[6, 12, 18, 24, 30, 36, 48, 72, 168]",0.5,0.5
128,12220012001,B,362,16,31.0,21.0,22.0,14322.0,1.0,1,14322.0,1.0,PCS,"[1, 2, 3, 4, 5, 6, 8, 10, 12, 14, 16, 18, 22, 24, 28, 36]",0.5,0.5
129,14501011001,B,361,6,50.0,36.0,15.0,27000.0,3.0,12,2250.0,0.25,PCS,"[2, 4]",0.5,0.5
130,14103009001,B,360,5,39.0,26.0,32.0,32448.0,4.92,8,4056.0,0.615,PCS,"[1, 2, 3, 4, 5, 6, 7, 11, 13]",0.5,0.5
131,14003029001,B,359,8,37.0,36.0,24.0,31968.0,5.17,18,1776.0,0.287,PCS,"[1, 2, 3, 4, 5, 6, 7, 8, 9, 10, 11, 12, 15, 16, 18, 20]",0.5,0.5
132,10020007001,B,358,85,40.0,27.0,10.0,10800.0,7.21,24,450.0,0.3,PCS,"[6, 12, 18, 24, 42, 48, 144, 180]",0.5,0.5
133,14000017001,B,358,5,60.0,34.0,29.0,59160.0,3.07,7,8451.4,0.439,PCS,"[1, 2, 3, 4, 5, 6, 7, 9, 11]",0.5,0.5
134,14001045001,B,356,7,47.0,32.0,23.0,34592.0,3.27,8,4324.0,0.409,PCS,"[1, 2, 3, 4, 5, 6, 8, 9, 10, 12, 16]",0.5,0.5
135,10033057001,B,352,57,40.0,27.0,23.0,24840.0,17.18,24,1035.0,0.716,PCS,"[4, 8, 12, 16, 20, 24, 28, 40, 44, 48, 72]",0.5,0.5
136,14500010001,B,352,31,42.0,28.0,23.0,27048.0,2.5,12,2254.0,0.208,PCS,"[3, 6, 9, 12, 15, 21, 24, 30, 36]",0.5,0.5
137,14102246001,B,352,5,51.0,21.0,34.0,36414.0,4.54,10,3641.4,0.454,PCS,"[1, 2, 3, 4, 5, 6, 7, 9, 10]",0.5,0.5
138,14131075001,B,351,5,55.0,29.0,24.0,38280.0,4.68,12,3190.0,0.39,PCS,"[1, 2, 3, 4, 5, 6, 10]",0.5,0.5
139,14000073001,B,351,8,60.0,34.0,22.0,44880.0,2.35,14,3205.7,0.168,PCS,"[1, 2, 3, 4, 5, 6, 7, 8, 9, 11, 12, 14]",0.5,0.5
140,10002992001,B,351,4,27.0,19.0,23.0,11799.0,6.27,1,11799.0,6.27,PCS,"[1, 2, 3, 4, 5, 7]",0.5,0.5
141,14102258001,B,350,6,51.0,21.0,34.0,36414.0,4.54,10,3641.4,0.454,PCS,"[1, 2, 3, 4, 5, 6, 9, 10, 11, 12]",0.5,0.5
142,10035034001,B,350,76,34.0,20.0,11.0,7480.0,6.58,24,311.7,0.274,PCS,"[6, 12, 18, 24, 30, 36, 48, 72, 96]",0.5,0.5
143,14502026001,B,348,6,50.0,36.0,15.0,27000.0,3.0,12,2250.0,0.25,PCS,"[2, 4, 6, 10, 14]",0.5,0.5
144,10031910001,B,346,71,35.0,20.0,11.0,7700.0,6.6,24,320.8,0.275,PCS,"[6, 12, 18, 24, 30, 36, 42, 48, 54, 72, 96]",0.5,0.5
145,14000196001,B,342,5,46.0,30.0,29.0,40020.0,3.46,12,3335.0,0.288,PCS,"[1, 2, 3, 4, 5, 6, 7, 8]",0.5,0.5
146,14104002001,B,341,6,41.0,27.0,37.0,40959.0,6.73,12,3413.3,0.561,PCS,"[1, 2, 3, 4, 5, 6, 7, 8, 10, 12, 13]",0.5,0.5
147,10032008001,B,341,67,34.0,20.0,11.0,7480.0,6.62,24,311.7,0.276,PCS,"[6, 12, 18, 24, 30, 42, 48, 60, 72, 90]",0.5,0.5
148,10014090001,B,340,64,35.0,20.0,11.0,7700.0,6.61,24,320.8,0.275,PCS,"[6, 12, 18, 24, 48, 54]",0.5,0.5
149,14820014001,B,339,12,42.0,29.0,19.0,23142.0,17.06,48,482.1,0.355,PCS,"[3, 6, 9, 12, 33]",0.5,0.5
150,14011059001,B,339,5,43.0,33.0,20.0,28380.0,2.32,6,4730.0,0.387,PCS,"[1, 2, 3, 4, 5, 6, 8, 10]",0.5,0.5
151,10033015001,B,337,49,40.0,28.0,24.0,26880.0,16.0,24,1120.0,0.667,PCS,"[4, 8, 12, 16, 20, 24, 28, 32, 48]",0.5,0.5
152,14133922001,B,336,4,47.0,42.0,24.0,47376.0,4.25,6,7896.0,0.708,PCS,"[1, 2, 3, 4, 5, 6, 7]",0.5,0.5
153,14010247001,B,333,5,34.0,29.0,16.0,15776.0,2.58,6,2629.3,0.43,PCS,"[1, 2, 3, 4, 5, 6, 7, 8, 10]",0.5,0.5
154,10030013001,B,332,63,35.0,20.0,11.0,7700.0,6.58,24,320.8,0.274,PCS,"[6, 12, 18, 24, 30, 36, 42, 48, 72, 96]",0.5,0.5
155,14003041001,B,331,6,37.0,36.0,26.0,34632.0,5.15,18,1924.0,0.286,PCS,"[1, 2, 3, 4, 5, 6, 10, 11, 12]",0.5,0.5
156,12201079001,B,330,94,18.0,10.0,8.0,1469.0,0.2,1,1468.8,0.2,PCS,"[12, 24, 36, 48, 72, 84, 120]",0.5,0.5
157,14010034001,B,329,8,51.0,31.0,26.0,41106.0,1.36,6,6851.0,0.227,PCS,"[1, 2, 3, 4, 5, 6, 7, 9, 10, 12, 18, 20]",0.5,0.5
158,10040063001,B,329,158,40.0,27.0,23.0,24840.0,15.2,24,1035.0,0.633,PCS,"[24, 48, 72, 96, 144, 264]",0.5,0.5
159,14820028001,B,329,41,31.0,23.0,23.0,16399.0,11.74,48,341.6,0.245,PCS,"[1, 2, 3, 4, 5, 6, 8, 9, 10, 11, 12, 13, 14, 17, 18, 21, 26, 27, 30, 34, 37, 38, 39, 45, 48, 57, 96, 100, 108]",0.5,0.5
160,10040004001,B,328,7,36.0,18.0,36.0,23328.0,12.39,2,11664.0,6.195,PCS,"[2, 4, 6, 8, 12]",0.5,0.5
161,14502041001,B,325,42,40.0,31.0,13.0,16120.0,3.42,30,537.3,0.114,PCS,"[5, 10, 15, 20, 25, 30, 35, 40, 50, 60]",0.5,0.5
162,14506087001,B,325,3,40.0,32.0,28.0,35840.0,5.58,8,4480.0,0.698,PCS,"[1, 2]",0.5,0.5
163,10033041001,B,324,55,39.0,26.0,24.0,24336.0,15.762,24,1014.0,0.657,PCS,"[6, 12, 18, 24, 36, 42, 48]",0.5,0.5
164,10034003001,B,324,78,34.0,20.0,11.0,7480.0,6.64,24,311.7,0.277,PCS,"[6, 12, 18, 24, 36, 42, 48, 72, 264]",0.5,0.5
165,14121020001,B,323,6,36.0,24.0,18.0,15552.0,1.73,10,1555.2,0.173,PCS,"[1, 2, 3, 4, 5, 6, 8, 12]",0.5,0.5
166,14502004001,B,322,43,50.0,36.0,17.0,30600.0,3.21,12,2550.0,0.268,PCS,"[2, 4, 8, 10, 12, 14, 16, 24, 26, 28, 48, 72]",0.5,0.5
167,10002001001,B,317,60,41.0,28.0,10.0,11480.0,6.82,24,478.3,0.284,PCS,"[24, 48, 72]",0.5,0.5
168,14820013001,B,316,14,36.0,25.0,18.0,16200.0,13.99,48,337.5,0.291,PCS,"[3, 6, 9, 12, 27, 30]",0.5,0.5
169,14370004001,B,316,12,42.0,34.0,19.0,27132.0,20.92,20,1356.6,1.046,PCS,"[1, 2, 3, 4, 5, 6, 7, 8, 9, 10, 11, 12, 14, 16, 19, 30]",0.5,0.5
170,14120012001,B,316,4,44.0,33.0,16.0,23232.0,7.08,12,1936.0,0.59,PCS,"[1, 2, 3, 4, 5, 6, 7, 8]",0.5,0.5
171,14011031001,B,315,4,43.0,31.0,20.0,26660.0,2.4,6,4443.3,0.4,PCS,"[1, 2, 3, 4, 5, 6, 12]",0.5,0.5
172,14022019001,B,313,7,57.0,28.0,25.0,39900.0,1.66,10,3990.0,0.166,PCS,"[1, 2, 3, 4, 5, 6, 8, 9, 10, 11, 12]",0.5,0.5
173,10041067001,B,313,82,42.0,28.0,25.0,29400.0,15.48,24,1225.0,0.645,PCS,"[4, 8, 16, 20, 24, 28, 32, 40, 44, 48, 56, 72, 80]",0.5,0.5
174,14244003001,B,311,6,35.0,28.0,13.0,12740.0,1.3,10,1274.0,0.13,PCS,"[1, 2, 3, 4, 5, 6, 8, 10, 12]",0.5,0.5
175,14615017001,B,311,10,36.0,24.0,29.0,25056.0,12.34,6,4176.0,2.057,PCS,"[1, 2, 3, 4, 6, 7, 8, 12, 30]",0.5,0.5
176,14023047001,B,308,4,44.0,36.0,24.0,38016.0,4.5,12,3168.0,0.375,PCS,"[1, 2, 3, 4, 5, 8, 12]",0.5,0.5
177,14820045001,B,308,3,28.0,21.0,10.0,5880.0,4.32,4,1470.0,1.08,PCS,"[1, 2, 3, 4, 6]",0.5,0.5
178,10033013001,B,307,56,40.0,27.0,24.0,25920.0,17.58,24,1080.0,0.732,PCS,"[4, 8, 12, 16, 20, 24, 32, 36, 48]",0.5,0.5
179,14002002001,B,306,5,46.0,36.0,26.0,43056.0,3.89,12,3588.0,0.324,PCS,"[1, 2, 3, 4, 5, 6, 8, 9, 12]",0.5,0.5
180,14805016001,B,305,48,41.0,27.0,12.0,13284.0,9.8,24,553.5,0.408,PCS,"[6, 12, 18, 24, 48, 72, 198]",0.5,0.5
181,14131027001,B,305,8,56.0,26.0,23.0,33488.0,3.93,8,4186.0,0.491,PCS,"[1, 2, 3, 4, 5, 6, 7, 8, 10, 12, 30]",0.5,0.5
182,14010170001,B,303,7,60.0,45.0,32.0,86400.0,4.9,12,7200.0,0.408,PCS,"[1, 2, 3, 4, 5, 6, 7, 8, 9, 10, 12]",0.5,0.5
183,14820008001,B,302,64,32.0,24.0,23.0,17664.0,11.58,48,368.0,0.241,PCS,"[1, 2, 3, 4, 5, 6, 9, 10, 12, 15, 20, 23, 24, 25, 32, 42, 48, 50, 54, 90, 96]",0.5,0.5
184,10000007001,B,301,59,40.0,28.0,12.0,13440.0,8.58,24,560.0,0.358,PCS,"[6, 12, 18, 24, 30, 42, 48, 54, 72, 84, 96]",0.5,0.5
185,14370020001,B,301,17,44.0,34.0,21.0,31416.0,21.28,40,785.4,0.532,PCS,"[1, 2, 3, 4, 5, 6, 7, 8, 9, 10, 12, 15, 50, 60]",0.5,0.5
186,14121068001,B,300,6,36.0,24.0,18.0,15552.0,1.81,10,1555.2,0.181,PCS,"[1, 2, 3, 4, 5, 6, 8, 9, 12]",0.5,0.5
187,14001053001,B,299,4,50.0,34.0,36.0,61200.0,5.56,12,5100.0,0.463,PCS,"[1, 2, 3, 4, 5, 6, 7, 8]",0.5,0.5
188,14500042001,B,297,4,40.0,37.0,38.0,56240.0,6.88,6,9373.3,1.147,PCS,"[1, 2, 3, 7, 12]",0.5,0.5
189,14132031001,B,297,5,54.0,29.0,22.0,34452.0,4.1,12,2871.0,0.342,PCS,"[1, 2, 3, 4, 5, 6, 7, 10]",0.5,0.5
190,14014031001,B,297,6,59.0,40.0,40.0,94400.0,4.52,8,11800.0,0.565,PCS,"[1, 2, 3, 4, 5, 6, 8, 9, 11, 12]",0.5,0.5
191,10001025001,B,295,68,40.0,27.0,10.0,10800.0,6.8,24,450.0,0.283,PCS,"[24, 48, 72, 192]",0.5,0.5
192,10034036001,B,294,61,35.0,20.0,11.0,7700.0,6.65,24,320.8,0.277,PCS,"[6, 12, 18, 24, 36, 42, 48]",0.5,0.5
193,14505917001,B,294,60,39.0,31.0,12.0,14508.0,2.02,40,362.7,0.05,PCS,"[5, 10, 15, 20, 25, 30, 35, 40, 50, 55, 60, 80, 100]",0.5,0.5
194,14833010001,B,290,29,35.0,27.0,10.0,9450.0,5.5,24,393.8,0.229,PCS,"[3, 6, 9, 12, 24, 30, 48, 150]",0.5,0.5
195,14110106001,B,289,7,50.0,33.0,20.0,33000.0,5.89,10,3300.0,0.589,PCS,"[1, 2, 3, 4, 5, 6, 7, 8, 10, 12]",0.5,0.5
196,14510107001,B,288,7,35.0,24.0,5.0,4288.0,2.5,1,4287.5,2.5,PCS,"[1, 2, 3, 4, 5, 6, 8]",0.5,0.5
197,14831020001,B,287,39,32.0,23.0,17.0,12512.0,7.85,48,260.7,0.164,PCS,"[3, 6, 9, 12, 24, 42, 45, 48, 60, 108]",0.5,0.5
198,14521157001,B,286,16,35.0,29.0,34.0,34510.0,6.7,96,359.5,0.07,PCS,"[2, 4, 6, 8, 10, 12, 18, 20, 24, 46, 50]",0.5,0.5
199,10040025001,B,286,8,34.0,17.0,35.0,20230.0,10.69,2,10115.0,5.345,PCS,"[1, 2, 3, 4, 6, 12]",0.5,0.5
200,14505011001,C,208,9,37.0,32.0,14.0,16576.0,3.0,24,690.7,0.125,PCS,"[4, 8, 12, 36]",0.6,0.6
201,14120019001,C,208,4,46.0,26.0,20.0,23920.0,2.7,12,1993.3,0.225,PCS,"[1, 2, 3, 4, 5, 6, 10, 12]",0.6,0.6
202,10011016001,C,207,38,35.0,20.0,13.0,9100.0,7.9,24,379.2,0.329,PCS,"[6, 12, 18, 24, 30, 48, 72]",0.6,0.6
203,10002017001,C,205,24,34.0,22.0,31.0,23188.0,13.03,6,3864.7,2.172,PCS,"[1, 2, 4, 5, 6, 7, 11, 12, 18, 24, 30, 36, 48]",0.6,0.6
204,14121057001,C,205,4,34.0,26.0,24.0,21216.0,2.38,10,2121.6,0.238,PCS,"[1, 2, 3, 4, 5, 9, 10, 12, 13, 18]",0.6,0.6
205,14611002001,C,205,4,29.0,27.0,29.0,22707.0,12.6,12,1892.3,1.05,PCS,"[1, 2, 3, 4, 5, 6, 7, 8, 9, 10, 12]",0.6,0.6
206,14500067001,C,204,16,40.0,32.0,16.0,20480.0,3.72,24,853.3,0.155,PCS,"[1, 7, 8, 16, 24, 32, 48]",0.6,0.6
207,14003037001,C,203,3,43.0,33.0,28.0,39732.0,5.63,12,3311.0,0.469,PCS,"[1, 2, 3, 4, 6, 10]",0.6,0.6
208,14505031001,C,201,12,43.0,28.0,22.0,26488.0,2.5,12,2207.3,0.208,PCS,"[3, 6, 9, 12, 15, 18, 24, 30]",0.6,0.6
209,14504015001,C,201,18,40.0,31.0,13.0,16120.0,3.44,30,537.3,0.115,PCS,"[5, 10, 15, 20, 25, 30, 60]",0.6,0.6
210,10033054001,C,201,30,41.0,28.0,24.0,27552.0,15.28,24,1148.0,0.637,PCS,"[4, 8, 12, 16, 20, 24, 48, 52, 56, 96]",0.6,0.6
211,14833024001,C,200,14,31.0,24.0,11.0,8184.0,5.08,24,341.0,0.212,PCS,"[3, 6, 9, 12, 18, 24, 30, 39, 48]",0.6,0.6
212,10002007001,C,200,26,40.0,28.0,12.0,13440.0,8.89,24,560.0,0.37,PCS,"[6, 12, 18, 24, 48]",0.6,0.6
213,14023050001,C,199,4,63.0,35.0,33.0,72765.0,2.81,8,9095.6,0.351,PCS,"[1, 2, 3, 4, 5, 7, 8, 9, 10, 12]",0.6,0.6
214,14810004001,C,199,13,35.0,26.0,18.0,16380.0,10.59,24,682.5,0.441,PCS,"[3, 6, 9, 12, 15, 18, 21, 24, 30, 36, 48]",0.6,0.6
215,10020018001,C,199,42,40.0,27.0,10.0,10800.0,7.21,24,450.0,0.3,PCS,"[6, 12, 24, 36, 48, 72]",0.6,0.6
216,12201024001,C,198,39,21.0,9.0,31.0,5859.0,1.0,1,5859.0,1.0,PCS,"[20, 40]",0.6,0.6
217,14000042001,C,198,4,46.0,28.0,14.0,18032.0,2.8,12,1502.7,0.233,PCS,"[1, 2, 3, 4, 5, 7, 8, 9, 12, 13]",0.6,0.6
218,14131081001,C,198,4,48.0,28.0,31.0,41664.0,5.35,12,3472.0,0.446,PCS,"[1, 2, 3, 5, 6, 7, 8, 12]",0.6,0.6
219,14014020001,C,197,4,44.0,30.0,39.0,51480.0,2.3,12,4290.0,0.192,PCS,"[1, 2, 3, 4, 5, 10, 11, 12]",0.6,0.6
220,12200002001,C,197,95,21.0,9.0,31.0,5859.0,1.0,1,5859.0,1.0,PCS,"[6, 12, 18, 24, 30, 36, 42, 48, 60, 84, 96, 108, 114, 192]",0.6,0.6
221,12200006001,C,197,104,21.0,9.0,31.0,5859.0,1.0,1,5859.0,1.0,PCS,"[6, 12, 18, 24, 30, 36, 42, 48, 54, 60, 96, 108, 240]",0.6,0.6
222,15022004001,C,197,66,32.0,15.0,13.0,6240.0,5.25,24,260.0,0.219,PCS,"[6, 12, 18, 24, 30, 36, 48, 60, 66, 72, 84, 96, 120, 174, 186]",0.6,0.6
223,14131022001,C,197,3,50.0,29.0,23.0,33350.0,4.18,8,4168.8,0.522,PCS,"[1, 2, 3, 4, 5, 6, 7, 8, 9]",0.6,0.6
224,15020010001,C,196,77,32.0,16.0,13.0,6656.0,5.26,24,277.3,0.219,PCS,"[6, 12, 18, 24, 30, 36, 42, 48, 53, 67, 72, 78, 90, 96, 114, 120, 144, 168, 234]",0.6,0.6
225,14000071001,C,196,3,39.0,32.0,22.0,27456.0,2.04,10,2745.6,0.204,PCS,"[1, 2, 3, 4, 5, 6]",0.6,0.6
226,12221009001,C,196,3,21.0,11.0,8.0,1964.0,0.2,1,1963.5,0.2,PCS,"[1, 2, 6]",0.6,0.6
227,14130016001,C,195,3,60.0,26.0,23.0,35880.0,4.47,12,2990.0,0.372,PCS,"[1, 2, 3, 5, 6, 7, 8, 9, 10]",0.6,0.6
228,14822014001,C,193,8,32.0,24.0,8.0,6144.0,4.77,12,512.0,0.397,PCS,"[3, 6, 9, 12]",0.6,0.6
229,14501053001,C,192,10,36.0,34.0,15.0,18360.0,2.33,8,2295.0,0.291,PCS,"[2, 4, 6, 8, 10, 12, 14, 16, 22]",0.6,0.6
230,14500026001,C,192,14,43.0,28.0,17.0,20468.0,1.3,12,1705.7,0.108,PCS,"[3, 6, 9, 12, 15, 21, 24]",0.6,0.6
231,14130001001,C,192,4,43.0,28.0,28.0,33712.0,4.11,8,4214.0,0.514,PCS,"[1, 2, 3, 4, 5, 6, 8, 10, 12]",0.6,0.6
232,14510150001,C,191,3,35.0,24.0,5.0,4288.0,6.0,1,4287.5,6.0,PCS,"[1, 2, 3, 4, 5, 6]",0.6,0.6
233,14021005001,C,190,4,30.0,30.0,23.0,20700.0,2.87,16,1293.8,0.179,PCS,"[1, 2, 3, 4, 5, 6, 10, 20]",0.6,0.6
234,14010084001,C,187,5,63.0,45.0,35.0,99225.0,4.27,12,8268.8,0.356,PCS,"[1, 2, 3, 4, 6, 8, 9, 10, 12]",0.6,0.6
235,14104169001,C,187,3,42.0,34.0,27.0,38556.0,2.3,10,3855.6,0.23,PCS,"[1, 2, 3, 4, 5, 6, 10]",0.6,0.6
236,14504001001,C,186,13,40.0,31.0,13.0,16120.0,3.1,30,537.3,0.103,PCS,"[5, 10, 25, 30, 40]",0.6,0.6
237,10002035001,C,185,9,34.0,23.0,31.0,24242.0,13.44,6,4040.3,2.24,PCS,"[1, 2, 3, 4, 5, 6, 7, 8, 9, 12, 15, 24, 26, 48]",0.6,0.6
238,14000075001,C,184,3,60.0,33.0,20.0,39600.0,2.62,11,3600.0,0.238,PCS,"[1, 2, 3, 4, 5, 6, 7, 9, 11]",0.6,0.6
239,14361106001,C,183,4,47.0,34.0,26.0,41548.0,5.19,12,3462.3,0.433,PCS,"[1, 2, 3, 4, 6, 7, 12]",0.6,0.6
240,10032049001,C,183,29,35.0,21.0,12.0,8820.0,6.69,24,367.5,0.279,PCS,"[6, 12, 18, 24, 36, 48]",0.6,0.6
241,14014007001,C,183,4,62.0,48.0,24.0,71424.0,2.76,6,11904.0,0.46,PCS,"[1, 2, 3, 4, 5, 6, 10, 12]",0.6,0.6
242,14001074001,C,183,4,50.0,27.0,28.0,37800.0,4.41,12,3150.0,0.368,PCS,"[1, 2, 3, 4, 6, 10]",0.6,0.6
243,14509008001,C,182,2,43.0,31.0,27.0,35991.0,6.2,12,2999.3,0.517,PCS,"[1, 2, 6]",0.6,0.6
244,14023083001,C,182,4,42.0,32.0,13.0,17472.0,2.08,12,1456.0,0.173,PCS,"[1, 2, 3, 4, 5, 6, 7, 8, 9, 12]",0.6,0.6
245,15022026001,C,182,115,30.0,17.0,12.0,6120.0,5.2,24,255.0,0.217,PCS,"[6, 12, 18, 24, 30, 48, 54, 60, 72, 78, 138, 144, 222]",0.6,0.6
246,14010060001,C,182,5,52.0,33.0,25.0,42900.0,1.83,12,3575.0,0.152,PCS,"[1, 2, 3, 4, 5, 6, 7, 10, 11, 12, 15, 27]",0.6,0.6
247,14620006001,C,182,4,34.0,22.0,28.0,20944.0,11.95,6,3490.7,1.992,PCS,"[1, 2, 3, 4, 5, 6, 8, 10, 12, 14]",0.6,0.6
248,10033070001,C,182,41,42.0,28.0,24.0,28224.0,15.46,24,1176.0,0.644,PCS,"[4, 8, 12, 16, 24, 36, 48, 52, 64, 72]",0.6,0.6
249,11111017001,C,181,3,39.0,28.0,32.0,34944.0,21.77,4,8736.0,5.442,PCS,"[1, 2, 3]",0.6,0.6
250,10000010001,C,181,19,34.0,23.0,31.0,24242.0,12.52,6,4040.3,2.087,PCS,"[1, 2, 3, 4, 5, 6, 7, 9, 10, 12, 14, 18, 19, 24, 28, 30, 36, 60, 72]",0.6,0.6
251,14831021001,C,181,8,33.0,23.0,9.0,6831.0,3.82,24,284.6,0.159,PCS,"[3, 6, 9, 12]",0.6,0.6
252,14311004001,C,181,4,42.0,32.0,29.0,38976.0,4.73,12,3248.0,0.394,PCS,"[1, 2, 3, 4, 5, 6]",0.6,0.6
253,10033011001,C,181,26,42.0,29.0,24.0,29232.0,15.23,24,1218.0,0.635,PCS,"[4, 8, 12, 16, 20, 24, 28, 48]",0.6,0.6
254,10021009001,C,181,24,38.0,28.0,31.0,32984.0,19.78,12,2748.7,1.648,PCS,"[6, 12, 18, 24, 36]",0.6,0.6
255,14001012001,C,180,4,36.0,24.0,38.0,32832.0,3.92,8,4104.0,0.49,PCS,"[1, 2, 3, 4, 5, 6, 8, 10]",0.6,0.6
256,14131105001,C,179,3,48.0,28.0,31.0,41664.0,5.35,12,3472.0,0.446,PCS,"[1, 2, 3, 4, 5, 8, 10]",0.6,0.6
257,14023198001,C,178,3,33.0,22.0,17.0,12342.0,0.58,1,12342.0,0.58,PCS,"[1, 2, 3, 4, 5, 6]",0.6,0.6
258,14131020001,C,177,4,44.0,29.0,28.0,35728.0,4.15,8,4466.0,0.519,PCS,"[1, 2, 3, 4, 5, 6, 7, 9, 10, 12]",0.6,0.6
259,14804010001,C,177,14,40.0,27.0,12.0,12960.0,10.08,24,540.0,0.42,PCS,"[6, 12, 18, 24]",0.6,0.6
260,14851058001,C,176,3,61.0,36.0,10.0,21960.0,7.21,1,21960.0,7.21,PCS,"[1, 2, 3, 4, 7]",0.6,0.6
261,14804004001,C,175,19,41.0,28.0,13.0,14924.0,9.8,24,621.8,0.408,PCS,"[6, 12, 18, 24, 48, 60]",0.6,0.6
262,14000014001,C,175,3,41.0,34.0,23.0,32062.0,2.92,5,6412.4,0.584,PCS,"[1, 2, 3, 4, 5, 7]",0.6,0.6
263,14000060001,C,175,4,35.0,27.0,35.0,33075.0,2.7,12,2756.3,0.225,PCS,"[1, 2, 3, 4, 5, 6, 10, 12]",0.6,0.6
264,10033066001,C,175,28,40.0,27.0,24.0,25920.0,14.27,24,1080.0,0.595,PCS,"[4, 8, 12, 16, 20, 24, 28, 40, 44, 48]",0.6,0.6
265,14104042001,C,175,3,32.0,26.0,23.0,19136.0,2.34,5,3827.2,0.468,PCS,"[1, 2, 3, 4, 5, 8, 10]",0.6,0.6
266,14010173001,C,174,5,44.0,26.0,23.0,26312.0,1.6,10,2631.2,0.16,PCS,"[1, 2, 3, 4, 5, 8, 10, 11, 12]",0.6,0.6
267,10024007001,C,174,29,33.0,16.0,10.0,5280.0,4.4,24,220.0,0.183,PCS,"[6, 12, 18, 24, 30, 48, 78]",0.6,0.6
268,14023027001,C,174,3,42.0,33.0,28.0,38808.0,1.43,6,6468.0,0.238,PCS,"[1, 2, 3, 4, 5, 6, 12]",0.6,0.6
269,14204061001,C,174,4,51.0,26.0,26.0,34476.0,1.51,12,2873.0,0.126,PCS,"[1, 2, 3, 4, 5, 6, 8, 10]",0.6,0.6
270,10040023001,C,173,36,37.0,30.0,26.0,28860.0,18.48,20,1443.0,0.924,PCS,"[4, 8, 16, 20, 28, 40]",0.6,0.6
271,14521158001,C,173,6,35.0,29.0,34.0,34510.0,6.06,96,359.5,0.063,PCS,"[2, 4, 6, 8, 10, 12, 14]",0.6,0.6
272,14804002001,C,173,24,41.0,28.0,14.0,16072.0,10.89,24,669.7,0.454,PCS,"[6, 12, 18, 24, 36, 48, 66]",0.6,0.6
273,14504027001,C,172,20,40.0,31.0,13.0,16120.0,2.95,30,537.3,0.098,PCS,"[5, 10, 15, 20, 30, 35, 45, 55, 60]",0.6,0.6
274,14121136001,C,171,3,50.0,21.0,23.0,24150.0,3.68,12,2012.5,0.307,PCS,"[1, 2, 3, 4, 5, 6, 7, 8]",0.6,0.6
275,14105102001,C,171,3,52.0,36.0,19.0,35568.0,4.42,12,2964.0,0.368,PCS,"[1, 2, 3, 4, 5, 6, 7, 10]",0.6,0.6
276,14500014001,C,171,7,31.0,17.0,14.0,7378.0,1.25,1,7378.0,1.25,PCS,"[1, 2, 6, 8, 10, 12, 15, 16, 47]",0.6,0.6
277,10002003001,C,171,25,43.0,28.0,24.0,28896.0,16.03,24,1204.0,0.668,PCS,"[4, 8, 12, 16, 24, 28, 32, 48]",0.6,0.6
278,14000003001,C,169,3,60.0,34.0,28.0,57120.0,3.892,7,8160.0,0.556,PCS,"[1, 2, 3, 4, 5]",0.6,0.6
279,12121064001,C,168,2,24.0,9.0,12.0,2592.0,1.0,1,2592.0,1.0,PCS,"[1, 2, 3]",0.6,0.6
280,14244016001,C,168,4,41.0,35.0,33.0,47355.0,3.17,12,3946.3,0.264,PCS,"[1, 2, 3, 4, 6, 8]",0.6,0.6
281,14505021001,C,167,18,40.0,33.0,14.0,18480.0,3.79,30,616.0,0.126,PCS,"[1, 4, 5, 9, 10, 15, 20, 30, 60]",0.6,0.6
282,14505099001,C,167,10,42.0,33.0,13.0,18018.0,1.73,12,1501.5,0.144,PCS,"[3, 6, 9, 12, 15, 18, 21, 24]",0.6,0.6
283,12201068001,C,166,2,21.0,9.0,31.0,5859.0,1.0,1,5859.0,1.0,PCS,"[1, 2]",0.6,0.6
284,14621069001,C,166,5,29.0,22.0,22.0,14036.0,7.92,12,1169.7,0.66,PCS,"[1, 2, 3, 4, 5, 7, 8, 11, 12, 15]",0.6,0.6
285,11103090001,C,166,6,42.0,29.0,32.0,38976.0,12.8,6,6496.0,2.133,PCS,"[1, 2, 3, 4, 5, 6]",0.6,0.6
286,10001014001,C,165,23,34.0,22.0,14.0,10472.0,6.55,24,436.3,0.273,PCS,"[8, 16, 24, 32, 40, 48]",0.6,0.6
287,12221012001,C,165,7,21.0,9.0,20.0,3780.0,1.0,1,3780.0,1.0,PCS,"[1, 2, 3, 4, 7, 8, 10, 12]",0.6,0.6
288,14014018001,C,165,3,43.0,30.0,39.0,50310.0,2.15,12,4192.5,0.179,PCS,"[1, 2, 3, 4, 5, 6]",0.6,0.6
289,14244020001,C,165,17,31.0,25.0,36.0,27900.0,2.8,60,465.0,0.047,PCS,"[1, 2, 4, 5, 10, 15, 20, 22, 25, 40, 45, 60]",0.6,0.6
290,10014033001,C,165,37,35.0,20.0,13.0,9100.0,7.93,24,379.2,0.33,PCS,"[6, 12, 18, 24, 48]",0.6,0.6
291,14244021001,C,165,4,41.0,35.0,33.0,47355.0,3.23,12,3946.3,0.269,PCS,"[1, 2, 3, 4, 5, 6, 8, 10]",0.6,0.6
292,10031016001,C,164,41,34.0,20.0,11.0,7480.0,6.46,24,311.7,0.269,PCS,"[6, 12, 18, 24, 30, 42, 48, 72]",0.6,0.6
293,10032003001,C,164,36,35.0,20.0,15.0,10500.0,9.01,24,437.5,0.375,PCS,"[6, 12, 18, 24, 30, 36, 42, 48, 96, 114]",0.6,0.6
294,14020015001,C,164,4,52.0,29.0,26.0,39208.0,1.73,12,3267.3,0.144,PCS,"[1, 2, 3, 4, 5, 6, 7, 8, 9, 20]",0.6,0.6
295,11103022001,C,164,9,41.0,29.0,32.0,38048.0,13.01,6,6341.3,2.168,PCS,"[2, 4, 6, 60]",0.6,0.6
296,14244017001,C,163,4,44.0,31.0,33.0,45012.0,4.35,10,4501.2,0.435,PCS,"[1, 2, 3, 4, 5, 6, 10, 15, 18]",0.6,0.6
297,14010027001,C,163,13,45.0,21.0,16.0,15120.0,1.74,24,630.0,0.072,PCS,"[3, 6, 9, 12, 15, 18, 21, 24, 30, 42]",0.6,0.6
298,14506072001,C,163,4,27.0,24.0,10.0,6480.0,4.0,12,540.0,0.333,PCS,"[1, 2, 5, 12, 15]",0.6,0.6
299,14831011001,C,162,7,32.0,23.0,17.0,12512.0,7.71,48,260.7,0.161,PCS,"[3, 6, 9, 12, 21]",0.6,0.6
300,14130010001,C,162,2,29.0,13.0,24.0,9048.0,0.8,1,9048.0,0.8,PCS,"[1, 2, 3, 4]",0.6,0.6
301,10013005001,C,161,43,34.0,20.0,11.0,7480.0,6.71,24,311.7,0.28,PCS,"[6, 12, 18, 24, 30, 48, 72]",0.6,0.6
302,14833009001,C,160,8,35.0,26.0,9.0,8190.0,5.5,24,341.3,0.229,PCS,"[3, 6, 9, 12, 24, 30]",0.6,0.6
303,14130009001,C,160,3,56.0,26.0,23.0,33488.0,4.8,8,4186.0,0.6,PCS,"[1, 2, 3, 4, 5, 6, 7]",0.6,0.6
304,14222068001,C,160,3,37.0,20.0,17.0,12580.0,2.8,10,1258.0,0.28,PCS,"[1, 2, 3, 4, 5, 6, 11]",0.6,0.6
305,14023503001,C,159,3,42.0,32.0,13.0,17472.0,2.17,12,1456.0,0.181,PCS,"[1, 2, 3, 4, 5, 7, 10]",0.6,0.6
306,14121062001,C,159,4,48.0,39.0,19.0,35568.0,3.695,12,2964.0,0.308,PCS,"[1, 2, 3, 4, 5, 6, 8, 9, 10, 11]",0.6,0.6
307,10031911001,C,159,50,35.0,21.0,12.0,8820.0,6.6,24,367.5,0.275,PCS,"[6, 12, 18, 24, 36, 48, 72, 96]",0.6,0.6
308,14501047001,C,159,23,40.0,31.0,14.0,17360.0,3.28,30,578.7,0.109,PCS,"[5, 10, 15, 20, 25, 30, 60]",0.6,0.6
309,14003009001,C,159,4,34.0,26.0,25.0,22100.0,2.75,10,2210.0,0.275,PCS,"[1, 2, 3, 4, 5, 6, 7, 9, 10]",0.6,0.6
310,14506056001,C,159,2,35.0,24.0,18.0,15120.0,9.4,4,3780.0,2.35,PCS,"[1, 2, 3]",0.6,0.6
311,14000040001,C,159,3,40.0,27.0,35.0,37800.0,3.43,12,3150.0,0.286,PCS,"[1, 2, 3, 4, 5, 6]",0.6,0.6
312,10001001001,C,158,15,34.0,24.0,31.0,25296.0,13.34,6,4216.0,2.223,PCS,"[1, 2, 3, 6, 12, 18, 21, 30, 48, 51]",0.6,0.6
313,14011030001,C,158,6,59.0,39.0,40.0,92040.0,4.5,12,7670.0,0.375,PCS,"[1, 2, 3, 4, 5, 6, 7, 8, 9, 10, 11, 12]",0.6,0.6
314,12201898001,C,158,110,19.0,10.0,8.0,1550.0,1.0,1,1550.4,1.0,PCS,"[14, 24, 48, 72, 96, 120, 144]",0.6,0.6
315,14203078001,C,156,3,53.0,35.0,33.0,61215.0,4.57,20,3060.8,0.228,PCS,"[1, 2, 3, 4, 5]",0.6,0.6
316,14110029001,C,156,3,42.0,25.0,23.0,24150.0,3.74,8,3018.8,0.468,PCS,"[1, 2, 3, 4, 8, 11]",0.6,0.6
317,14020006001,C,156,3,59.0,36.0,21.0,44604.0,2.55,6,7434.0,0.425,PCS,"[1, 2, 3, 4, 5, 6]",0.6,0.6
318,14012019001,C,156,3,35.0,41.0,30.0,43050.0,3.5,18,2391.7,0.194,PCS,"[1, 2, 3, 4, 6, 9]",0.6,0.6
319,14506001001,C,155,6,46.0,26.0,23.0,27508.0,4.77,12,2292.3,0.397,PCS,"[1, 2, 4, 5, 6, 8, 12, 22, 24, 33]",0.6,0.6
320,10032064001,C,155,35,34.0,20.0,11.0,7480.0,6.1,24,311.7,0.254,PCS,"[6, 12, 18, 24, 48, 72]",0.6,0.6
321,14505020001,C,155,17,40.0,34.0,14.0,19040.0,3.89,30,634.7,0.13,PCS,"[5, 10, 25, 30, 35, 50]",0.6,0.6
322,12122032001,C,153,2,12.0,9.0,12.0,1231.0,0.2,1,1231.224,0.2,PCS,"[1, 2, 3, 4]",0.6,0.6
323,14615070001,C,153,11,35.0,24.0,29.0,24360.0,13.13,6,4060.0,2.188,PCS,"[1, 2, 3, 4, 5, 6, 7, 8, 9, 10, 12, 18, 60]",0.6,0.6
324,10000003001,C,153,35,40.0,27.0,12.0,12960.0,9.11,24,540.0,0.38,PCS,"[6, 12, 18, 24, 48, 96]",0.6,0.6
325,14510004001,C,152,8,35.0,24.0,5.0,4288.0,3.0,1,4287.5,3.0,PCS,"[1, 2, 3, 4, 5, 6, 7, 8, 10, 40]",0.6,0.6
326,14104101001,C,152,4,33.0,25.0,39.0,32175.0,4.48,12,2681.3,0.373,PCS,"[1, 2, 3, 4, 5, 6, 12]",0.6,0.6
327,12220003001,C,152,5,31.0,21.0,22.0,14322.0,1.0,1,14322.0,1.0,PCS,"[1, 2, 3, 4, 5, 6, 8, 10, 11, 16]",0.6,0.6
328,10034017001,C,152,41,35.0,21.0,12.0,8820.0,6.6,24,367.5,0.275,PCS,"[6, 12, 18, 24, 30, 42, 48]",0.6,0.6
329,14121115001,C,152,4,35.0,29.0,24.0,24360.0,3.1,10,2436.0,0.31,PCS,"[1, 2, 4, 5, 6, 8, 10]",0.6,0.6
330,14130042001,C,151,2,59.0,27.0,22.0,35046.0,4.6,12,2920.5,0.383,PCS,"[1, 2, 3, 4]",0.6,0.6
331,14353019001,C,151,9,48.0,34.0,22.0,35904.0,8.956,6,5984.0,1.493,PCS,"[1, 2, 3, 4, 6, 7, 10, 12, 18, 30]",0.6,0.6
332,14000043001,C,150,3,46.0,28.0,14.0,18032.0,2.8,12,1502.7,0.233,PCS,"[1, 2, 3, 4, 5, 6, 7, 8]",0.6,0.6
333,11040005001,C,150,4,36.0,26.0,30.0,28080.0,10.8,12,2340.0,0.9,PCS,"[1, 2, 3, 4, 6]",0.6,0.6
334,14102040001,C,149,4,61.0,28.0,22.0,37576.0,4.98,15,2505.1,0.332,PCS,"[1, 2, 3, 4, 5, 7, 9]",0.6,0.6
335,10022030001,C,149,25,33.0,22.0,14.0,10164.0,6.53,24,423.5,0.272,PCS,"[6, 12, 24, 48, 54]",0.6,0.6
336,10030014001,C,149,27,41.0,27.0,24.0,26568.0,15.56,24,1107.0,0.648,PCS,"[4, 8, 12, 16, 24, 32, 48, 80]",0.6,0.6
337,14805004001,C,149,20,41.0,28.0,10.0,11480.0,8.06,24,478.3,0.336,PCS,"[6, 12, 18, 24, 30, 36, 48]",0.6,0.6
338,10030011001,C,148,24,40.0,27.0,24.0,25920.0,14.55,24,1080.0,0.606,PCS,"[4, 8, 12, 16, 20, 24, 32, 44, 48]",0.6,0.6
339,14001046001,C,148,7,37.0,24.0,23.0,20424.0,2.52,12,1702.0,0.21,PCS,"[1, 2, 3, 4, 5, 6, 7, 8, 10, 11, 12, 31]",0.6,0.6
340,14204892001,C,148,3,55.0,29.0,28.0,44660.0,1.7,6,7443.3,0.283,PCS,"[1, 2, 3, 5, 6, 9, 10]",0.6,0.6
341,10002071001,C,147,11,42.0,28.0,25.0,29400.0,15.95,24,1225.0,0.665,PCS,"[4, 8, 12, 16, 20, 24]",0.6,0.6
342,12100039001,C,147,2,45.0,26.0,24.0,28080.0,11.7,18,1560.0,0.65,PCS,"[1, 2, 3, 5, 6]",0.6,0.6
343,10021012001,C,147,75,41.0,27.0,13.0,14391.0,8.77,24,599.6,0.365,PCS,"[6, 12, 24, 48, 54, 72, 96, 144, 264]",0.6,0.6
344,10012004001,C,147,23,36.0,27.0,30.0,29160.0,16.2,12,2430.0,1.35,PCS,"[1, 2, 3, 4, 5, 6, 9, 11, 12, 15, 24, 26]",0.6,0.6
345,10000004001,C,146,27,34.0,23.0,31.0,24242.0,14.0,6,4040.3,2.333,PCS,"[1, 2, 3, 4, 6, 12, 18, 24, 30, 35, 36, 42, 48]",0.6,0.6
346,10033019001,C,145,18,36.0,27.0,31.0,30132.0,16.35,12,2511.0,1.362,PCS,"[1, 2, 3, 4, 5, 6, 12, 14, 16, 18, 19, 21, 23, 24, 30]",0.6,0.6
347,14132052001,C,145,4,37.0,37.0,27.0,36963.0,3.08,12,3080.3,0.257,PCS,"[1, 2, 3, 4, 5, 6, 10, 21]",0.6,0.6
348,10002014001,C,144,33,41.0,27.0,13.0,14391.0,9.53,24,599.6,0.397,PCS,"[6, 12, 18, 24, 30, 42, 48, 96]",0.6,0.6
349,14613026001,C,144,4,38.0,27.0,29.0,29754.0,13.8,6,4959.0,2.3,PCS,"[1, 2, 3, 4, 5, 6]",0.6,0.6
350,14502022001,C,144,13,32.0,26.0,15.0,12480.0,2.86,12,1040.0,0.238,PCS,"[3, 6, 9, 12, 15, 18, 21, 24]",0.6,0.6
351,10002046001,C,144,29,43.0,29.0,12.0,14964.0,8.82,24,623.5,0.368,PCS,"[6, 12, 18, 24, 36, 48, 72]",0.6,0.6
352,10020041001,C,144,35,33.0,27.0,11.0,9801.0,6.17,30,326.7,0.206,PCS,"[6, 12, 18, 24, 30, 36, 42, 48, 54, 60]",0.6,0.6
353,10013012001,C,143,22,27.0,16.0,9.0,3888.0,3.41,24,162.0,0.142,PCS,"[6, 12, 18, 24, 36, 42, 48]",0.6,0.6
354,14021021001,C,143,2,33.0,20.0,25.0,16500.0,0.82,1,16500.0,0.82,PCS,"[1, 2]",0.6,0.6
355,14131008001,C,143,2,59.0,27.0,22.0,35046.0,4.6,12,2920.5,0.383,PCS,"[1, 2, 3, 4, 6]",0.6,0.6
356,14111036001,C,142,3,37.0,34.0,27.0,33966.0,6.29,6,5661.0,1.048,PCS,"[1, 2, 3, 4, 5, 6, 7, 12]",0.6,0.6
357,14353024001,C,142,4,49.0,45.0,29.0,63945.0,12.99,6,10657.5,2.165,PCS,"[1, 2, 3, 4, 5, 6]",0.6,0.6
358,14615084001,C,142,4,38.0,26.0,30.0,29640.0,14.22,6,4940.0,2.37,PCS,"[1, 2, 3, 4, 6, 8, 12]",0.6,0.6
359,10035017001,C,141,23,42.0,28.0,24.0,28224.0,14.6,24,1176.0,0.608,PCS,"[4, 8, 12, 16, 20, 24, 28, 32, 40, 48, 56]",0.6,0.6
360,14223179001,C,141,3,39.0,29.0,14.0,15834.0,5.36,20,791.7,0.268,PCS,"[1, 2, 3, 4, 5, 6]",0.6,0.6
361,10012011001,C,141,44,35.0,20.0,13.0,9100.0,7.88,24,379.2,0.328,PCS,"[6, 12, 18, 24, 36, 48, 72]",0.6,0.6
362,10033075001,C,141,15,34.0,24.0,31.0,25296.0,17.65,8,3162.0,2.206,PCS,"[1, 2, 3, 4, 5, 6, 7, 8, 9, 11, 16, 17, 18, 22, 24, 26, 27, 28]",0.6,0.6
363,10040049001,C,140,5,36.0,18.0,37.0,23976.0,12.8,2,11988.0,6.4,PCS,"[2, 4]",0.6,0.6
364,14502007001,C,140,11,43.0,30.0,17.0,21930.0,1.92,12,1827.5,0.16,PCS,"[3, 6, 9, 12, 18, 24]",0.6,0.6
365,14100026001,C,139,3,41.0,27.0,37.0,40959.0,4.66,12,3413.3,0.388,PCS,"[1, 2, 3, 4, 5, 10]",0.6,0.6
366,10031025001,C,139,29,43.0,29.0,25.0,31175.0,15.43,24,1299.0,0.643,PCS,"[4, 8, 12, 16, 20, 24, 32, 40, 48, 56]",0.6,0.6
367,14500007001,C,139,13,38.0,32.0,14.0,17024.0,2.77,30,567.5,0.092,PCS,"[5, 10, 15, 50]",0.6,0.6
368,10040094001,C,138,5,37.0,18.0,36.0,23976.0,12.0,2,11988.0,6.0,PCS,"[1, 2, 3, 4]",0.6,0.6
369,10002943001,C,138,32,44.0,27.0,12.0,14256.0,8.82,24,594.0,0.368,PCS,"[12, 18, 24, 36, 48, 60, 72, 84]",0.6,0.6
370,10020027001,C,137,30,39.0,20.0,14.0,10920.0,9.97,24,455.0,0.415,PCS,"[3, 6, 9, 12, 15, 18, 21, 24, 33, 42, 48]",0.6,0.6
371,14121164001,C,137,4,48.0,22.0,21.0,22176.0,3.72,12,1848.0,0.31,PCS,"[1, 2, 3, 4, 5, 8, 18]",0.6,0.6
372,14000002001,C,137,4,34.0,27.0,35.0,32130.0,2.75,12,2677.5,0.229,PCS,"[1, 2, 3, 4, 5, 6, 8, 12]",0.6,0.6
373,14111039001,C,137,3,29.0,21.0,8.0,4872.0,1.0,1,4872.0,1.0,PCS,"[1, 2, 3, 4, 5, 6]",0.6,0.6
374,10034027001,C,136,32,35.0,20.0,13.0,9100.0,8.0,24,379.2,0.333,PCS,"[6, 12, 18, 24, 30, 48]",0.6,0.6
375,10040032001,C,135,72,36.0,24.0,19.0,16416.0,9.2,24,684.0,0.383,PCS,"[6, 12, 24, 36, 48, 60, 72, 96, 360]",0.6,0.6
376,14133029001,C,135,4,40.0,23.0,37.0,34040.0,2.61,12,2836.7,0.218,PCS,"[1, 2, 3, 4, 5, 6, 7, 8, 12]",0.6,0.6
377,14223215001,C,134,4,48.0,28.0,18.0,24192.0,3.69,10,2419.2,0.369,PCS,"[1, 2, 3, 4, 5, 6, 7, 10, 12]",0.6,0.6
378,14112054001,C,134,3,57.0,26.0,23.0,34086.0,3.01,10,3408.6,0.301,PCS,"[1, 2, 3, 6, 10]",0.6,0.6
379,14130054001,C,134,3,48.0,30.0,22.0,31680.0,3.93,8,3960.0,0.491,PCS,"[1, 2, 3, 4, 5, 7, 8]",0.6,0.6
380,10031017001,C,134,44,35.0,21.0,13.0,9555.0,7.82,24,398.1,0.326,PCS,"[24, 48]",0.6,0.6
381,12220013001,C,133,2,31.0,21.0,22.0,14322.0,1.0,1,14322.0,1.0,PCS,"[1, 2]",0.6,0.6
382,14361101001,C,133,7,48.0,34.0,27.0,44064.0,4.42,12,3672.0,0.368,PCS,"[1, 2, 3, 4, 5, 6, 8, 10, 11, 36]",0.6,0.6
383,14111118001,C,132,4,61.0,34.0,34.0,70516.0,4.65,9,7835.1,0.517,PCS,"[1, 2, 3, 4, 5, 6, 12]",0.6,0.6
384,11103019001,C,132,6,44.0,26.0,32.0,36608.0,15.6,4,9152.0,3.9,PCS,"[1, 2, 3, 4, 5, 6, 9, 12]",0.6,0.6
385,11040009001,C,132,4,36.0,25.0,29.0,26100.0,10.3,12,2175.0,0.858,PCS,"[1, 2, 3, 4, 6]",0.6,0.6
386,14011074001,C,132,3,49.0,30.0,26.0,38220.0,2.56,12,3185.0,0.213,PCS,"[1, 2, 3, 4]",0.6,0.6
387,14511051001,C,131,5,35.0,24.0,5.0,4288.0,1.0,1,4287.5,1.0,PCS,"[1, 2, 4, 6, 12, 18]",0.6,0.6
388,12106105001,C,131,3,49.0,31.0,26.0,39494.0,9.61,20,1974.7,0.48,PCS,"[1, 2, 3, 4]",0.6,0.6
389,11040035001,C,130,4,36.0,26.0,29.0,27144.0,10.2,12,2262.0,0.85,PCS,"[1, 2, 3, 4, 6]",0.6,0.6
390,14010037001,C,130,2,47.0,32.0,38.0,57152.0,2.65,12,4762.7,0.221,PCS,"[1, 2, 3]",0.6,0.6
391,14851025001,C,130,3,61.0,36.0,10.0,21960.0,7.23,1,21960.0,7.23,PCS,"[1, 2, 4]",0.6,0.6
392,14831022001,C,129,9,33.0,23.0,10.0,7590.0,3.734,24,316.3,0.156,PCS,"[3, 6, 9, 12, 30]",0.6,0.6
393,14011006001,C,129,4,51.0,28.0,27.0,38556.0,2.03,12,3213.0,0.169,PCS,"[1, 2, 3, 4, 5, 6, 8, 9, 10]",0.6,0.6
394,14222072001,C,129,3,37.0,20.0,17.0,12580.0,2.8,10,1258.0,0.28,PCS,"[1, 2, 3, 4, 5, 7, 10]",0.6,0.6
395,14101024001,C,129,5,33.0,27.0,39.0,34749.0,5.53,12,2895.8,0.461,PCS,"[1, 2, 3, 4, 5, 6, 7, 8, 12, 30]",0.6,0.6
396,14010043001,C,129,3,45.0,28.0,33.0,41580.0,1.98,6,6930.0,0.33,PCS,"[1, 2, 3, 6, 7]",0.6,0.6
397,14110081001,C,129,4,35.0,35.0,26.0,31850.0,3.28,12,2654.2,0.273,PCS,"[1, 2, 3, 4, 5, 6, 10, 12]",0.6,0.6
398,14506065001,C,129,4,28.0,25.0,10.0,7000.0,4.0,12,583.3,0.333,PCS,"[1, 2, 3, 4, 6, 9, 17]",0.6,0.6
399,14121143001,C,129,3,34.0,25.0,25.0,21250.0,2.36,10,2125.0,0.236,PCS,"[1, 2, 3, 4, 5, 6, 7, 9]",0.6,0.6
400,12212033001,C,129,4,51.0,26.0,23.0,30498.0,12.45,12,2541.5,1.037,PCS,"[1, 2, 3, 9, 10, 12]",0.6,0.6
401,14103018001,C,128,3,40.0,38.0,26.0,39520.0,3.44,10,3952.0,0.344,PCS,"[1, 2, 3, 6, 10, 11]",0.6,0.6
402,12201001001,C,128,108,19.0,10.0,8.0,1550.0,0.2,1,1550.4,0.2,PCS,"[24, 48, 72, 96, 120, 144]",0.6,0.6
403,10001022001,C,128,20,42.0,28.0,23.0,27048.0,13.81,24,1127.0,0.575,PCS,"[4, 8, 12, 16, 24, 36, 48]",0.6,0.6
404,14833018001,C,127,4,37.0,29.0,21.0,22533.0,4.89,12,1877.8,0.408,PCS,"[1, 2, 3, 4, 5, 10, 14]",0.6,0.6
405,12201035001,C,127,88,19.0,10.0,8.0,1550.0,0.2,1,1550.4,0.2,PCS,"[10, 20, 50, 60, 70, 110, 120, 130]",0.6,0.6
406,10033028001,C,127,33,40.0,27.0,24.0,25920.0,14.48,24,1080.0,0.603,PCS,"[4, 8, 12, 16, 20, 24, 28, 32, 48]",0.6,0.6
407,14520068001,C,127,7,35.0,29.0,34.0,34510.0,6.68,96,359.5,0.07,PCS,"[1, 2, 3, 4, 6, 8, 10, 12, 24]",0.6,0.6
408,12122999001,C,126,11,53.0,24.0,39.0,49608.0,4.2,48,1033.5,0.088,PCS,"[4, 8, 12, 16, 24, 32]",0.6,0.6
409,14110006001,C,126,4,45.0,26.0,21.0,24570.0,2.62,12,2047.5,0.218,PCS,"[1, 2, 3, 4, 5, 9, 10]",0.6,0.6
410,14601026001,C,126,3,31.0,24.0,23.0,17112.0,6.5,12,1426.0,0.542,PCS,"[1, 2, 3, 4, 10]",0.6,0.6
411,10002944001,C,125,49,44.0,27.0,12.0,14256.0,8.82,24,594.0,0.368,PCS,"[6, 12, 18, 24, 36, 48, 60, 204, 216]",0.6,0.6
412,14832012001,C,125,7,35.0,28.0,22.0,21560.0,14.96,48,449.2,0.312,PCS,"[3, 6, 9, 12, 15]",0.6,0.6
413,10032055001,C,125,26,35.0,20.0,14.0,9800.0,8.7,24,408.3,0.362,PCS,"[6, 12, 18, 24, 36, 48]",0.6,0.6
414,12201037001,C,125,70,19.0,10.0,8.0,1550.0,0.2,1,1550.4,0.2,PCS,"[24, 48, 72, 120, 144, 168]",0.6,0.6
415,10040008001,C,124,25,37.0,29.0,32.0,34336.0,20.0,12,2861.3,1.667,PCS,"[3, 6, 9, 12, 15, 18, 21, 24, 27, 30]",0.6,0.6
416,14508004001,C,124,8,52.0,39.0,42.0,85176.0,11.23,20,4258.8,0.562,PCS,"[2, 4, 6, 8, 10, 12]",0.6,0.6
417,14311005001,C,124,4,42.0,32.0,29.0,38976.0,4.69,12,3248.0,0.391,PCS,"[1, 2, 3, 4, 6]",0.6,0.6
418,14510007001,C,124,7,35.0,24.0,5.0,4288.0,1.5,1,4287.5,1.5,PCS,"[1, 2, 3, 4, 5, 6, 12, 21, 36]",0.6,0.6
419,14000033001,C,124,3,44.0,28.0,14.0,17248.0,2.6,12,1437.3,0.217,PCS,"[1, 2, 3, 4, 5, 6, 7]",0.6,0.6
420,14010178001,C,124,4,44.0,26.0,23.0,26312.0,1.6,10,2631.2,0.16,PCS,"[1, 2, 3, 4, 5, 8, 10, 12]",0.6,0.6
421,10014009001,C,124,32,40.0,27.0,17.0,18360.0,12.08,24,765.0,0.503,PCS,"[6, 12, 18, 24, 30, 36, 42, 48, 96]",0.6,0.6
422,11040006001,C,124,4,36.0,27.0,30.0,29160.0,10.73,12,2430.0,0.894,PCS,"[1, 2, 3, 4, 6]",0.6,0.6
423,14504052001,C,123,5,50.0,35.0,15.0,26250.0,2.29,12,2187.5,0.191,PCS,"[1, 2, 3, 4, 6, 8, 12, 19]",0.6,0.6
424,10031004001,C,123,30,42.0,28.0,24.0,28224.0,14.85,24,1176.0,0.619,PCS,"[4, 8, 12, 16, 20, 24, 28, 32, 40, 48]",0.6,0.6
425,14504008001,C,123,16,39.0,32.0,15.0,18720.0,3.31,30,624.0,0.11,PCS,"[5, 10, 15, 20, 30, 50]",0.6,0.6
426,14100012001,C,122,4,41.0,27.0,36.0,39852.0,4.9,12,3321.0,0.408,PCS,"[1, 2, 3, 4, 5, 6, 7, 10]",0.6,0.6
427,14510025001,C,122,6,35.0,24.0,5.0,4288.0,2.0,1,4287.5,2.0,PCS,"[1, 2, 3, 4, 5, 6, 12, 15]",0.6,0.6
428,14012010001,C,122,3,54.0,40.0,29.0,62640.0,2.6,20,3132.0,0.13,PCS,"[1, 2, 3, 4, 5, 6]",0.6,0.6
429,10014083001,C,122,6,31.0,23.0,26.0,18538.0,12.1,12,1544.8,1.008,PCS,"[1, 2, 3, 4, 6, 10, 12]",0.6,0.6
430,10023020001,C,122,2,60.0,37.0,29.0,64380.0,12.52,12,5365.0,1.043,PCS,"[1, 2, 3, 4]",0.6,0.6
431,14112040001,C,121,3,29.0,18.0,21.0,10962.0,0.73,1,10962.0,0.73,PCS,"[1, 2, 3, 8]",0.6,0.6
432,14102009001,C,121,3,52.0,43.0,24.0,53664.0,7.196,8,6708.0,0.9,PCS,"[1, 2, 3, 4, 7, 8]",0.6,0.6
433,10033010001,C,121,24,35.0,26.0,31.0,28210.0,16.27,12,2350.8,1.356,PCS,"[1, 2, 3, 4, 5, 6, 11, 12, 13, 16, 24, 29, 30, 32]",0.6,0.6
434,14023102001,C,121,3,42.0,32.0,13.0,17472.0,2.1,12,1456.0,0.175,PCS,"[1, 2, 3, 4, 5, 6]",0.6,0.6
435,14021107001,C,121,3,33.0,23.0,17.0,12903.0,0.62,1,12903.0,0.62,PCS,"[1, 2, 3, 6]",0.6,0.6
436,10035002001,C,121,14,36.0,24.0,31.0,26784.0,17.3,8,3348.0,2.162,PCS,"[1, 2, 3, 4, 5, 6, 7, 8, 10, 16, 20, 22, 24]",0.6,0.6
437,10033044001,C,121,11,35.0,23.0,31.0,24955.0,17.67,8,3119.4,2.209,PCS,"[1, 2, 3, 4, 6, 7, 8, 16, 24, 30]",0.6,0.6
438,14500008001,C,120,75,49.0,35.0,15.0,25725.0,3.24,12,2143.8,0.27,PCS,"[5, 7, 12, 17, 19, 24, 36, 48, 156]",0.6,0.6
439,14330005001,C,120,3,56.0,37.0,23.0,47656.0,16.82,6,7942.7,2.803,PCS,"[1, 2, 3]",0.6,0.6
440,14014011001,C,120,4,44.0,30.0,39.0,51480.0,2.3,12,4290.0,0.192,PCS,"[1, 2, 3, 4, 5, 6, 12]",0.6,0.6
441,14010094001,C,120,3,34.0,29.0,16.0,15776.0,2.57,6,2629.3,0.428,PCS,"[1, 2, 3, 4, 6]",0.6,0.6
442,10035028001,C,119,35,34.0,20.0,11.0,7480.0,6.63,24,311.7,0.276,PCS,"[6, 12, 18, 24, 42, 48]",0.6,0.6
443,10011023001,C,119,24,27.0,16.0,9.0,3888.0,3.41,24,162.0,0.142,PCS,"[6, 12, 18, 24, 48]",0.6,0.6
444,11103070001,C,119,6,35.0,26.0,31.0,28210.0,12.83,6,4701.7,2.138,PCS,"[1, 2, 3, 4, 5, 6]",0.6,0.6
445,14000027001,C,118,3,46.0,32.0,21.0,30912.0,2.75,5,6182.4,0.55,PCS,"[1, 2, 3, 4, 8]",0.6,0.6
446,10040019001,C,118,5,35.0,18.0,35.0,22050.0,12.7,2,11025.0,6.35,PCS,"[2, 4]",0.6,0.6
447,14223045001,C,118,4,40.0,28.0,19.0,21280.0,5.1,12,1773.3,0.425,PCS,"[2, 4, 6, 8, 10]",0.6,0.6
448,12201065001,C,118,79,19.0,10.0,8.0,1550.0,0.2,1,1550.4,0.2,PCS,"[12, 24, 36, 60, 72, 84, 96, 144, 168]",0.6,0.6
449,14504002001,C,118,21,41.0,31.0,13.0,16523.0,4.05,30,550.8,0.135,PCS,"[5, 10, 15, 20, 25, 30, 40, 45, 60]",0.6,0.6
450,14200119001,C,118,3,42.0,29.0,29.0,35322.0,3.79,12,2943.5,0.316,PCS,"[1, 2, 3, 4, 5, 10]",0.6,0.6
451,10000012001,C,118,26,45.0,30.0,25.0,33750.0,15.88,24,1406.3,0.662,PCS,"[4, 8, 12, 16, 20, 24, 32, 40, 48, 52]",0.6,0.6
452,11050035001,C,118,3,41.0,28.0,33.0,37884.0,16.9,4,9471.0,4.225,PCS,"[1, 2, 8]",0.6,0.6
453,14500064001,C,117,9,39.0,33.0,14.0,18018.0,3.98,30,600.6,0.133,PCS,"[5, 10]",0.6,0.6
454,14510041001,C,117,9,35.0,24.0,5.0,4288.0,2.0,1,4287.5,2.0,PCS,"[1, 2, 3, 4, 5, 6, 7, 8, 9, 10, 11, 12, 15, 19, 21, 24, 27]",0.6,0.6
455,11061071001,C,116,3,42.0,39.0,30.0,49140.0,1.82,20,2457.0,0.091,PCS,"[1, 2, 3, 5]",0.6,0.6
456,12202007001,C,116,9,31.0,21.0,22.0,14322.0,1.0,1,14322.0,1.0,PCS,"[1, 2, 5, 8, 9, 10, 11, 16]",0.6,0.6
457,14011010001,C,116,4,52.0,29.0,27.0,40716.0,2.36,12,3393.0,0.197,PCS,"[1, 2, 3, 4, 10, 12]",0.6,0.6
458,14244014001,C,116,4,41.0,35.0,33.0,47355.0,3.26,12,3946.3,0.272,PCS,"[1, 2, 4, 5, 6, 10]",0.6,0.6
459,10021007001,C,116,20,38.0,29.0,32.0,35264.0,19.57,12,2938.7,1.631,PCS,"[1, 2, 3, 4, 5, 6, 8, 12, 16, 24, 25, 30]",0.6,0.6
460,14244052001,C,116,4,41.0,35.0,33.0,47355.0,2.98,12,3946.3,0.248,PCS,"[1, 2, 3, 4, 6, 8, 10]",0.6,0.6
461,14121104001,C,115,3,37.0,24.0,24.0,21312.0,3.86,12,1776.0,0.322,PCS,"[1, 2, 3, 4, 9]",0.6,0.6
462,31501021001,C,115,4,48.0,47.0,18.0,40608.0,15.0,30,1353.6,0.5,PCS,"[1, 2, 3, 4, 5, 6, 10]",0.6,0.6
463,14501021001,C,115,22,30.0,16.0,14.0,6720.0,1.1,12,560.0,0.092,PCS,"[12, 24]",0.6,0.6
464,10032011001,C,115,39,42.0,25.0,8.0,8400.0,6.21,24,350.0,0.259,PCS,"[6, 12, 18, 24, 30, 42, 48, 72]",0.6,0.6
465,14000010001,C,114,2,48.0,32.0,23.0,35328.0,2.91,5,7065.6,0.582,PCS,"[1, 2, 3, 4]",0.6,0.6
466,14121090001,C,114,3,56.0,42.0,33.0,77616.0,6.1,16,4851.0,0.381,PCS,"[1, 2, 3, 4]",0.6,0.6
467,14840018001,C,114,7,46.0,31.0,12.0,17112.0,11.8,48,356.5,0.246,PCS,"[3, 6, 9, 12]",0.6,0.6
468,14500003001,C,114,29,37.0,31.0,14.0,16058.0,3.44,30,535.3,0.115,PCS,"[5, 10, 20, 25, 30, 40, 55, 60]",0.6,0.6
469,14104019001,C,114,2,29.0,13.0,24.0,9048.0,0.8,1,9048.0,0.8,PCS,"[1, 2]",0.6,0.6
470,10033016001,C,114,21,36.0,26.0,31.0,29016.0,15.87,12,2418.0,1.322,PCS,"[1, 2, 3, 4, 6, 12, 14, 15, 18, 24, 28, 30]",0.6,0.6
471,10032020001,C,113,17,41.0,28.0,21.0,24108.0,12.47,24,1004.5,0.52,PCS,"[4, 8, 12, 16, 20, 24, 28]",0.6,0.6
472,12201069001,C,113,85,19.0,10.0,8.0,1550.0,0.2,1,1550.4,0.2,PCS,"[24, 48, 72, 96, 144]",0.6,0.6
473,14204054001,C,113,3,40.0,27.0,20.0,21600.0,2.0,20,1080.0,0.1,PCS,"[1, 2, 3, 4, 5, 8, 10]",0.6,0.6
474,14502054001,C,113,9,36.0,33.0,15.0,17820.0,2.39,8,2227.5,0.299,PCS,"[2, 4, 6, 8, 12, 16]",0.6,0.6
475,12000178001,C,113,5,40.0,24.0,22.0,21120.0,10.45,12,1760.0,0.871,PCS,"[1, 2, 3, 4, 5, 6, 7, 10, 12]",0.6,0.6
476,14361099001,C,113,6,47.0,34.0,26.0,41548.0,4.86,12,3462.3,0.405,PCS,"[1, 2, 3, 4, 5, 6, 8, 10, 12]",0.6,0.6
477,14105130001,C,112,3,36.0,34.0,18.0,22032.0,2.29,9,2448.0,0.254,PCS,"[1, 2, 3, 4, 7]",0.6,0.6
478,14203001001,C,112,3,53.0,35.0,16.0,29680.0,4.0,20,1484.0,0.2,PCS,"[1, 2, 3, 5, 6]",0.6,0.6
479,31501010001,C,112,5,46.0,32.0,22.0,32384.0,11.15,24,1349.3,0.465,PCS,"[1, 2, 3, 4, 6, 8]",0.6,0.6
480,14510033001,C,112,5,35.0,24.0,5.0,4288.0,3.0,1,4287.5,3.0,PCS,"[1, 2, 3, 4, 5, 6]",0.6,0.6
481,14503002001,C,112,8,38.0,32.0,14.0,17024.0,3.13,30,567.5,0.104,PCS,"[5, 10]",0.6,0.6
482,14613902001,C,112,4,34.0,25.0,29.0,24650.0,17.22,12,2054.2,1.435,PCS,"[1, 2, 3, 4, 6, 8, 12]",0.6,0.6
483,14112021001,C,111,2,58.0,26.0,24.0,36192.0,3.03,10,3619.2,0.303,PCS,"[1, 2, 3, 6]",0.6,0.6
484,15020046001,C,111,63,32.0,17.0,12.0,6528.0,5.23,24,272.0,0.218,PCS,"[6, 11, 12, 13, 18, 23, 24, 30, 36, 42, 48, 66, 72, 78, 96]",0.6,0.6
485,14001034001,C,111,4,34.0,25.0,25.0,21250.0,3.08,10,2125.0,0.308,PCS,"[1, 2, 3, 4, 5, 6, 7, 8, 9]",0.6,0.6
486,14121094001,C,111,3,52.0,43.0,24.0,53664.0,6.282,8,6708.0,0.785,PCS,"[1, 2, 3, 4, 5, 6]",0.6,0.6
487,14508899001,C,111,14,55.0,38.0,53.0,110770.0,11.51,48,2307.7,0.24,PCS,"[3, 6, 9, 12, 15, 18, 21, 36, 39, 42]",0.6,0.6
488,14020022001,C,110,4,42.0,25.0,27.0,28350.0,1.1,12,2362.5,0.092,PCS,"[1, 2, 3, 4, 5, 6, 7]",0.6,0.6
489,14110086001,C,110,3,74.0,29.0,24.0,51504.0,8.0,15,3433.6,0.533,PCS,"[1, 2, 3, 4, 5, 7]",0.6,0.6
490,14510252001,C,110,5,35.0,24.0,5.0,4288.0,3.0,1,4287.5,3.0,PCS,"[1, 2, 3, 4, 5, 6]",0.6,0.6
491,10034039001,C,110,32,35.0,20.0,13.0,9100.0,7.9,24,379.2,0.329,PCS,"[6, 12, 18, 24, 30, 36, 48, 66]",0.6,0.6
492,10001020001,C,110,30,41.0,27.0,12.0,13284.0,8.58,24,553.5,0.358,PCS,"[6, 12, 18, 24, 30, 42, 48, 54]",0.6,0.6
493,14616002001,C,110,11,30.0,24.0,26.0,18720.0,11.17,12,1560.0,0.931,PCS,"[1, 2, 3, 7, 8, 9, 10, 12, 15, 17, 19, 21, 22, 24, 36]",0.6,0.6
494,10033014001,C,110,26,41.0,27.0,24.0,26568.0,15.58,24,1107.0,0.649,PCS,"[4, 8, 12, 16, 20, 24, 48]",0.6,0.6
495,12201123001,C,110,73,19.0,10.0,8.0,1534.0,1.0,1,1534.25,1.0,PCS,"[10, 20, 30, 40, 50, 60, 120]",0.6,0.6
496,14811007001,C,110,3,31.0,23.0,23.0,16399.0,11.74,8,2049.9,1.468,PCS,"[1, 2, 3, 4]",0.6,0.6
497,14100013001,C,109,4,39.0,35.0,27.0,36855.0,3.79,10,3685.5,0.379,PCS,"[1, 2, 3, 4, 5, 8, 9, 10]",0.6,0.6
498,14242011001,C,109,4,40.0,26.0,27.0,28080.0,7.37,15,1872.0,0.491,PCS,"[1, 2, 3, 4, 5, 6, 7, 8, 10, 12]",0.6,0.6
499,14804005001,C,109,20,41.0,28.0,10.0,11480.0,8.06,24,478.3,0.336,PCS,"[6, 12, 18, 24, 36, 66]",0.6,0.6
